Acc,-0.938020,9.722385,-0.136396, 
Gyro,2.170000,-0.070000,-0.630000, 
Acc,-0.839911,9.688885,-0.205790, 
Gyro,2.170000,2.100000,-1.400000, 
Acc,-0.959556,9.755886,-0.390044, 
Gyro,2.590000,0.700000,-1.190000, 
Acc,-0.945199,9.679314,-0.100502, 
Gyro,0.210000,1.120000,-0.910000, 
Magn,-45.497955,78.402893,-29.254642, 
Acc,-0.890162,9.810924,-0.057430, 
Gyro,0.630000,2.590000,-1.750000, 
Magn,-45.742027,78.430290,-30.369638, 
Acc,-1.083987,9.708028,-0.488153, 
Gyro,1.540000,5.320000,-0.840000, 
Magn,-45.740280,80.030586,-29.525229, 
Acc,-1.251491,9.581204,-0.131610, 
Gyro,3.220000,12.880000,-6.160000, 
Magn,-46.051178,79.003563,-31.107061, 
Acc,-0.835125,9.932961,-0.263220, 
Gyro,0.490000,1.330000,-1.050000, 
Magn,-46.735447,79.655426,-30.706553, 
Acc,-0.815982,9.562060,-0.399616, 
Gyro,0.140000,-1.330000,0.280000, 
Magn,-47.948643,76.952644,-30.336420, 
Acc,-1.253884,9.703242,-0.447474, 
Gyro,0.210000,-1.820000,1.470000, 
Magn,-47.928482,78.277023,-30.101789, 
Acc,-0.875804,9.918604,-0.437902, 
Gyro,2.590000,-0.840000,-1.330000, 
Magn,-45.117695,78.605171,-29.081150, 
Acc,-1.579319,9.581204,-0.346972, 
Gyro,0.770000,-3.360000,1.960000, 
Magn,-47.266014,79.220505,-30.359537, 
Acc,-1.354386,9.731957,-0.358936, 
Gyro,-1.050000,-1.050000,0.280000, 
Magn,-47.678810,79.291168,-30.344246, 
Acc,-0.938020,10.076536,-0.126824, 
Gyro,-3.710000,-1.050000,0.980000, 
Magn,-46.723068,78.058098,-31.129972, 
Acc,-1.208419,9.526167,-0.464224, 
Gyro,-6.020000,-7.770000,5.320000, 
Magn,-46.496082,79.627037,-29.731888, 
Acc,-0.887769,9.578811,-0.299114, 
Gyro,-5.390000,-4.970000,0.070000, 
Magn,-46.264927,76.397072,-30.586372, 
Acc,-0.681979,10.052607,-0.284756, 
Gyro,-5.740000,2.730000,-5.320000, 
Magn,-44.811047,80.391869,-30.308527, 
Acc,-0.282363,10.105251,-0.157932, 
Gyro,-9.870000,14.980000,-5.880000, 
Magn,-45.385323,78.627609,-30.897795, 
Acc,-0.796838,9.605133,0.363722, 
Gyro,-11.620000,33.740002,0.280000, 
Magn,-45.354961,76.474510,-33.102085, 
Acc,-1.048094,9.916211,0.471403, 
Gyro,-7.840000,29.889999,1.190000, 
Magn,-44.419300,77.956276,-29.060667, 
Acc,-0.713087,9.853995,0.536011, 
Gyro,-7.630000,22.190001,-1.260000, 
Magn,-47.604744,78.467400,-31.612253, 
Acc,-1.265848,9.648206,0.303899, 
Gyro,-7.840000,22.750000,1.400000, 
Magn,-48.389236,77.778030,-33.831989, 
Acc,-1.318492,9.729565,0.356543, 
Gyro,-3.500000,23.100000,-0.910000, 
Magn,-46.058098,76.641609,-29.422920, 
Acc,-1.241919,9.763065,0.299114, 
Gyro,0.210000,19.180000,-2.450000, 
Magn,-50.084579,75.970673,-32.038227, 
Acc,-1.296956,9.798959,0.392437, 
Gyro,1.190000,14.140000,-0.770000, 
Magn,-50.244198,80.256050,-30.576578, 
Acc,-1.383101,9.763065,0.394830, 
Gyro,2.380000,7.070000,2.170000, 
Magn,-49.438766,78.790337,-30.841793, 
Acc,-1.150989,9.602740,0.224933, 
Gyro,4.340000,-3.990000,2.940000, 
Magn,-50.463974,76.328148,-29.869530, 
Acc,-1.397458,9.806137,0.291935, 
Gyro,8.470000,-10.220000,2.030000, 
Magn,-50.114155,74.644310,-32.553524, 
Acc,-1.127060,9.708028,-0.038287, 
Gyro,4.200000,-20.650000,5.670000, 
Magn,-48.519417,78.388969,-29.236872, 
Acc,-1.005021,9.669742,0.177075, 
Gyro,6.720000,-29.260000,4.410000, 
Magn,-47.484039,76.892891,-28.808081, 
Acc,-0.882983,9.638634,-0.069394, 
Gyro,7.700000,-34.650002,3.640000, 
Magn,-48.372498,79.941040,-30.224398, 
Acc,-0.701122,9.688885,-0.399616, 
Gyro,4.970000,-32.480000,4.900000, 
Magn,-44.799557,77.754005,-29.234161, 
Acc,-0.509689,9.909033,-0.105288, 
Gyro,6.300000,-31.920000,4.760000, 
Magn,-47.909187,79.041664,-32.209347, 
Acc,-0.653264,10.035856,-0.162718, 
Gyro,6.790000,-32.619999,2.590000, 
Magn,-45.096649,80.970093,-30.344299, 
Acc,-0.332614,9.822887,-0.382865, 
Gyro,3.290000,-29.260000,-0.700000, 
Magn,-43.693077,77.033463,-29.369303, 
Acc,-0.772909,9.710421,-0.366115, 
Gyro,1.960000,-25.690001,1.680000, 
Magn,-42.728237,80.042519,-29.823662, 
Acc,-0.634121,9.875532,-0.392437, 
Gyro,5.460000,-23.379999,2.170000, 
Magn,-44.551956,81.407982,-30.270325, 
Acc,-0.686765,9.999963,-0.480975, 
Gyro,5.460000,-21.559999,2.310000, 
Magn,-40.271202,78.574036,-28.978947, 
Acc,-0.485760,9.566847,-0.614977, 
Gyro,1.330000,-18.549999,2.030000, 
Magn,-39.903320,80.373619,-28.382034, 
Acc,-0.210576,9.935354,-0.344579, 
Gyro,4.760000,-13.440001,-0.840000, 
Magn,-38.198700,77.182159,-27.276960, 
Acc,-0.392437,9.798959,-0.672407, 
Gyro,1.610000,-7.140000,1.120000, 
Magn,-38.894459,80.471878,-27.950817, 
Acc,-0.356543,9.808530,-0.471403, 
Gyro,-3.430000,-7.770000,4.410000, 
Magn,-41.131939,76.828255,-31.946180, 
Acc,-0.378079,9.873138,-0.521654, 
Gyro,-1.470000,2.100000,1.540000, 
Magn,-40.518665,79.920860,-30.560961, 
Acc,-0.449867,9.858782,-0.478582, 
Gyro,-0.350000,7.000000,-1.260000, 
Magn,-40.285759,78.291191,-30.571033, 
Acc,-0.378079,9.863567,-0.363722, 
Gyro,-1.680000,7.630000,-2.030000, 
Magn,-41.238541,77.924957,-30.489388, 
Acc,-0.540797,9.734350,-0.449867, 
Gyro,-1.260000,8.120000,-0.420000, 
Magn,-39.893555,76.616272,-31.992054, 
Acc,-0.552762,9.844424,-0.454653, 
Gyro,1.470000,10.920000,-0.560000, 
Magn,-37.676231,78.935516,-28.231323, 
Acc,-0.598227,9.743921,-0.567119, 
Gyro,1.120000,16.450001,-3.570000, 
Magn,-40.313156,78.844986,-29.070822, 
Acc,-0.413973,9.767851,-0.445081, 
Gyro,-2.100000,16.030001,-8.190000, 
Magn,-41.413612,80.886932,-29.122040, 
Acc,-0.538404,9.717600,-0.504904, 
Gyro,-6.160000,12.530000,-6.230000, 
Magn,-41.547260,78.778091,-30.055714, 
Acc,-0.693943,9.779816,-0.375687, 
Gyro,-7.700000,6.650000,-2.730000, 
Magn,-42.896065,81.126320,-30.191160, 
Acc,-0.734623,9.777423,-0.055037, 
Gyro,-11.340000,4.900000,-4.410000, 
Magn,-43.979107,77.331818,-30.576172, 
Acc,-0.737016,9.837245,0.055037, 
Gyro,-11.270000,-0.350000,-4.340000, 
Magn,-43.458389,77.484879,-32.374943, 
Acc,-0.763338,9.674527,0.004786, 
Gyro,-5.740000,-7.000000,0.910000, 
Magn,-43.720444,78.068054,-31.709064, 
Acc,-0.670014,9.748708,0.105288, 
Gyro,-1.890000,-6.300000,-0.210000, 
Magn,-42.333073,76.768303,-31.948763, 
Acc,-0.837518,9.861175,0.000000, 
Gyro,-0.840000,-2.730000,-1.330000, 
Magn,-43.618553,76.970375,-33.306190, 
Acc,-0.839911,9.806137,0.265613, 
Gyro,1.260000,-1.470000,-2.240000, 
Magn,-42.882481,76.329422,-32.163067, 
Acc,-0.959556,9.770244,0.153146, 
Gyro,2.380000,-5.740000,-0.420000, 
Magn,-43.878857,79.153847,-31.795902, 
Acc,-0.641299,9.822887,0.294328, 
Gyro,4.760000,-3.920000,-0.770000, 
Magn,-42.649460,79.219749,-30.951342, 
Acc,-0.830339,9.655384,-0.062216, 
Gyro,0.210000,-3.290000,-0.700000, 
Magn,-44.440639,80.312279,-31.586788, 
Acc,-0.873411,9.806137,0.126824, 
Gyro,-3.640000,-2.380000,0.140000, 
Magn,-43.715733,78.069046,-31.568735, 
Acc,-0.789660,9.758279,0.179468, 
Gyro,-2.940000,-3.220000,-0.070000, 
Magn,-41.114418,75.511810,-31.058174, 
Acc,-0.820767,9.827674,0.126824, 
Gyro,-2.310000,-3.640000,-1.470000, 
Magn,-42.425976,77.588089,-31.242075, 
Acc,-0.804017,9.808530,0.201004, 
Gyro,-0.980000,-0.980000,-0.700000, 
Magn,-42.053387,79.388672,-30.504831, 
Acc,-0.756159,9.806137,0.157932, 
Gyro,-1.260000,-1.330000,0.070000, 
Magn,-41.270298,74.718422,-33.020187, 
Acc,-0.705908,9.865960,0.217755, 
Gyro,-3.150000,-1.050000,-1.190000, 
Magn,-42.574188,75.196404,-33.767838, 
Acc,-0.765731,9.708028,0.361329, 
Gyro,-3.850000,-2.590000,-0.980000, 
Magn,-43.836441,79.643570,-34.372910, 
Acc,-0.768124,9.904246,0.698729, 
Gyro,1.820000,0.070000,-1.330000, 
Magn,-43.103436,76.081902,-33.747509, 
Acc,-0.827946,9.739136,0.373294, 
Gyro,1.330000,-0.980000,-0.630000, 
Magn,-42.464085,77.300293,-33.535812, 
Acc,-0.825553,9.849210,0.430723, 
Gyro,0.350000,-0.770000,-0.280000, 
Magn,-42.360443,77.802895,-34.288525, 
Acc,-0.799231,9.808530,0.296721, 
Gyro,0.840000,-0.140000,-0.350000, 
Magn,-42.294933,77.536903,-33.495003, 
Acc,-0.827946,9.763065,0.253648, 
Gyro,1.750000,-1.540000,0.140000, 
Magn,-40.832958,80.213264,-32.609810, 
Acc,-0.880590,9.818102,0.275184, 
Gyro,3.150000,-0.910000,0.630000, 
Magn,-44.674088,77.142075,-33.969612, 
Acc,-0.871019,9.777423,0.177075, 
Gyro,3.640000,-2.590000,2.450000, 
Magn,-41.426529,77.684372,-31.091516, 
Acc,-1.421387,9.995177,0.497725, 
Gyro,4.200000,-14.350000,7.490000, 
Magn,-41.614517,77.443794,-31.693647, 
Acc,-1.440531,9.904246,1.277813, 
Gyro,13.650000,-25.620001,11.970000, 
Magn,-41.783558,81.727188,-30.512657, 
Acc,-0.603013,10.045428,0.167504, 
Gyro,15.750000,-26.110001,10.010000, 
Magn,-38.793884,78.053787,-29.221252, 
Acc,-0.105288,9.260554,-0.705908, 
Gyro,11.620000,-27.299999,15.260000, 
Magn,-37.962696,78.953995,-30.609289, 
Acc,-0.205790,9.849210,-0.672407, 
Gyro,9.800000,-24.710001,10.780000, 
Magn,-37.411652,76.473160,-30.772377, 
Acc,0.665228,9.631455,-0.882983, 
Gyro,13.930000,-13.230000,6.090000, 
Magn,-35.629780,79.898659,-29.195787, 
Acc,1.024165,9.813316,-1.206026, 
Gyro,15.820000,-0.560000,-3.150000, 
Magn,-35.778770,80.986427,-29.001965, 
Acc,1.282599,9.861175,-1.411816, 
Gyro,16.170000,10.360000,-13.020000, 
Magn,-34.795662,78.718773,-27.447926, 
Acc,2.395301,10.098072,-2.117724, 
Gyro,6.930000,30.309999,-18.480000, 
Magn,-33.833031,79.366867,-26.077818, 
Acc,1.677429,9.810924,-1.823396, 
Gyro,-8.050000,46.689999,-12.460000, 
Magn,-36.332916,80.065758,-25.516623, 
Acc,-1.538640,8.837009,-1.055272, 
Gyro,-7.560000,45.220001,-12.320000, 
Magn,-42.234921,80.749374,-30.122223, 
Acc,-2.821239,9.571632,-1.050487, 
Gyro,-6.300000,25.830000,-15.120000, 
Magn,-40.819744,78.694901,-26.851059, 
Acc,-2.445552,9.128944,-1.129453, 
Gyro,4.550000,8.890000,-12.110000, 
Magn,-41.610722,75.923447,-26.215559, 
Acc,-2.421623,9.786994,-1.000236, 
Gyro,10.080000,5.950000,-15.050000, 
Magn,-44.610142,83.834999,-27.736917, 
Acc,-2.086616,9.834852,-1.308921, 
Gyro,9.800000,8.820000,-15.400000, 
Magn,-44.849640,78.862595,-26.093407, 
Acc,-1.682214,10.019106,-1.294563, 
Gyro,7.070000,7.210000,-3.710000, 
Magn,-44.891602,79.133545,-26.185282, 
Acc,-1.610427,9.578811,-1.445316, 
Gyro,5.320000,-0.700000,8.050000, 
Magn,-47.338791,80.883881,-25.578241, 
Acc,-0.760945,9.605133,-1.610427, 
Gyro,6.790000,-7.070000,12.250000, 
Magn,-47.603024,79.586899,-26.927870, 
Acc,-0.428331,9.696064,-1.560176, 
Gyro,4.690000,-6.230000,8.540000, 
Magn,-46.472885,83.391319,-25.139559, 
Acc,-0.114860,9.865960,-1.596070, 
Gyro,1.610000,-1.330000,5.250000, 
Magn,-43.496559,76.235481,-26.988728, 
Acc,-0.035894,9.667349,-1.093559, 
Gyro,2.450000,1.960000,4.690000, 
Magn,-43.503368,78.393539,-24.082787, 
Acc,-0.134003,9.636241,-1.548212, 
Gyro,-0.140000,-1.680000,3.570000, 
Magn,-43.845375,83.479866,-24.580719, 
Acc,-0.308685,9.851603,-1.397458, 
Gyro,-3.010000,-1.470000,1.330000, 
Magn,-42.126625,80.291382,-23.054657, 
Acc,-0.521654,9.459166,-1.579319, 
Gyro,-2.870000,0.000000,0.350000, 
Magn,-42.580055,81.953407,-23.457926, 
Acc,-0.760945,9.705635,-1.445316, 
Gyro,-1.960000,-0.140000,-1.330000, 
Magn,-45.395977,81.344414,-25.789991, 
Acc,-0.693943,9.705635,-1.313707, 
Gyro,-0.630000,0.980000,-1.820000, 
Magn,-42.902122,79.324120,-26.164827, 
Acc,-0.655657,9.686492,-1.361565, 
Gyro,0.000000,0.140000,-1.470000, 
Magn,-39.803558,80.954185,-23.092911, 
Acc,-0.564726,9.712814,-1.378315, 
Gyro,-0.140000,-0.490000,-1.540000, 
Magn,-42.006321,78.917793,-25.261555, 
Acc,-0.631728,9.758279,-1.390280, 
Gyro,-0.700000,0.070000,-1.120000, 
Magn,-43.696495,77.872093,-25.996344, 
Acc,-0.686765,9.705635,-1.713322, 
Gyro,-2.940000,2.800000,-0.420000, 
Magn,-42.033718,79.471588,-23.761343, 
Acc,-0.478582,9.813316,-1.390280, 
Gyro,-1.750000,0.980000,-0.840000, 
Magn,-43.244705,79.129776,-25.215681, 
Acc,-0.626942,9.772636,-1.220383, 
Gyro,-1.750000,0.910000,-2.310000, 
Magn,-44.992603,81.271774,-26.085941, 
Acc,-0.648478,9.645813,-1.268241, 
Gyro,-1.610000,0.000000,-1.680000, 
Magn,-43.460949,78.883255,-26.659792, 
Acc,-0.658050,9.708028,-1.258670, 
Gyro,-2.590000,-0.280000,-2.240000, 
Magn,-46.648491,81.553429,-26.165108, 
Acc,-0.799231,9.674527,-1.282599, 
Gyro,-1.960000,-0.140000,-1.260000, 
Magn,-44.542561,80.929169,-26.149689, 
Acc,-0.744194,9.724778,-1.270634, 
Gyro,-0.910000,-0.210000,0.070000, 
Magn,-43.480999,82.078873,-25.672623, 
Acc,-0.658050,9.763065,-1.275420, 
Gyro,-0.280000,0.140000,-0.420000, 
Magn,-44.186745,80.085938,-25.180061, 
Acc,-0.686765,9.662563,-1.306528, 
Gyro,-0.210000,0.420000,-1.470000, 
Magn,-43.679726,80.515900,-26.228727, 
Acc,-0.689158,9.739136,-1.225169, 
Gyro,-0.140000,0.420000,-1.260000, 
Magn,-44.731441,79.648048,-25.254036, 
Acc,-1.081594,10.313434,-1.189275, 
Gyro,-8.680000,-8.960000,4.900000, 
Magn,-42.422504,80.307877,-25.713282, 
Acc,-1.988507,9.830067,-0.878197, 
Gyro,-5.600000,-12.460000,13.160000, 
Magn,-41.288654,78.552742,-23.508657, 
Acc,-1.952613,9.480701,-0.844697, 
Gyro,-1.400000,-26.460001,18.480000, 
Magn,-40.689163,77.883041,-26.435106, 
Acc,-0.792053,9.368236,-1.354386, 
Gyro,-2.240000,-38.920002,24.710001, 
Magn,-38.092445,79.844803,-24.843073, 
Acc,0.088538,9.753493,-1.428566, 
Gyro,-3.220000,-39.270000,27.719999, 
Magn,-36.965023,76.969177,-27.463163, 
Acc,1.591284,9.258162,-1.445316, 
Gyro,3.990000,-27.230000,29.540001, 
Magn,-37.951527,80.556259,-29.484219, 
Acc,2.553233,9.837245,-1.253884, 
Gyro,1.960000,-20.230000,21.280001, 
Magn,-33.679302,78.760887,-29.971287, 
Acc,3.180175,9.798959,-1.186882, 
Gyro,1.470000,-7.980000,15.680000, 
Magn,-31.680407,78.953438,-29.670172, 
Acc,4.175625,9.418487,-1.215597, 
Gyro,8.050000,6.230000,0.840000, 
Magn,-27.980736,76.513298,-26.062119, 
Acc,3.347678,9.473523,-1.256277, 
Gyro,8.540000,24.500000,-12.950000, 
Magn,-28.266336,77.091522,-26.097893, 
Acc,1.718108,8.966227,-1.409423, 
Gyro,0.420000,38.430000,-28.840000, 
Magn,-31.151188,77.587151,-25.850523, 
Acc,0.473796,9.169623,-1.225169, 
Gyro,-1.260000,42.279999,-46.130001, 
Magn,-32.906757,81.327446,-26.157034, 
Acc,-1.098345,9.365842,-1.311314, 
Gyro,-2.800000,37.450001,-49.910000, 
Magn,-33.665199,78.283066,-25.710320, 
Acc,-2.385729,9.753493,-1.366351, 
Gyro,-3.500000,25.059999,-42.209999, 
Magn,-40.267380,77.534477,-27.340834, 
Acc,-2.747058,9.739136,-1.150989, 
Gyro,6.860000,14.700000,-25.549999, 
Magn,-44.400032,78.240112,-27.328251, 
Acc,-2.641771,9.478309,-1.598463, 
Gyro,7.770000,7.630000,-20.440001, 
Magn,-44.735718,79.926933,-24.223270, 
Acc,-2.005257,9.856388,-1.447709, 
Gyro,7.210000,1.960000,-18.549999, 
Magn,-47.518677,79.324867,-25.573023, 
Acc,-1.837753,9.729565,-1.507532, 
Gyro,3.150000,1.960000,-8.260000, 
Magn,-46.867836,77.905396,-24.286964, 
Acc,-1.789895,9.566847,-1.694179, 
Gyro,2.170000,3.080000,0.000000, 
Magn,-50.109825,77.923836,-24.682535, 
Acc,-1.775538,9.451987,-1.440531, 
Gyro,4.550000,0.840000,2.800000, 
Magn,-49.803204,79.229736,-22.069937, 
Acc,-1.655892,9.511809,-1.533854, 
Gyro,5.110000,0.980000,3.850000, 
Magn,-48.388432,77.376183,-23.809845, 
Acc,-1.557783,9.600348,-1.608034, 
Gyro,3.220000,0.350000,4.340000, 
Magn,-49.593739,82.115112,-21.559860, 
Acc,-1.505139,9.518989,-1.619999, 
Gyro,0.000000,0.140000,2.940000, 
Magn,-49.711937,81.329659,-22.399231, 
Acc,-1.395065,9.497452,-1.655892, 
Gyro,-0.770000,0.770000,2.380000, 
Magn,-49.392479,81.798920,-22.878933, 
Acc,-1.239526,9.559668,-1.627177, 
Gyro,0.840000,-1.540000,2.240000, 
Magn,-48.241081,79.208130,-23.626276, 
Acc,-1.299349,9.569240,-1.646321, 
Gyro,0.910000,-0.630000,1.820000, 
Magn,-49.003231,81.723297,-23.595873, 
Acc,-1.325671,9.629062,-1.608034, 
Gyro,0.490000,0.420000,0.980000, 
Magn,-49.520103,81.011482,-23.998964, 
Acc,-1.378315,9.605133,-1.603248, 
Gyro,-0.770000,-0.070000,-0.140000, 
Magn,-48.059441,82.367424,-22.787085, 
Acc,-1.323278,9.533346,-1.407030, 
Gyro,0.840000,0.210000,-0.840000, 
Magn,-50.752888,82.264999,-25.310543, 
Acc,-1.438138,9.585990,-1.418995, 
Gyro,1.960000,1.050000,-1.330000, 
Magn,-45.270134,80.050766,-21.674393, 
Acc,-1.354386,9.566847,-1.588891, 
Gyro,1.260000,0.840000,-1.470000, 
Magn,-47.915592,80.998795,-24.292334, 
Acc,-1.380708,9.652991,-1.581712, 
Gyro,-0.700000,0.070000,-0.630000, 
Magn,-47.867283,77.809113,-24.437521, 
Acc,-1.418995,9.518989,-1.548212, 
Gyro,-0.350000,0.280000,-0.490000, 
Magn,-47.082790,78.498489,-22.217787, 
Acc,-1.337636,9.554882,-1.588891, 
Gyro,1.190000,-0.840000,-0.630000, 
Magn,-46.827091,80.834030,-22.646601, 
Acc,-1.368743,9.569240,-1.600855, 
Gyro,1.050000,-0.700000,-0.210000, 
Magn,-47.358974,79.078705,-21.972898, 
Acc,-1.380708,9.571632,-1.636749, 
Gyro,0.280000,-0.630000,-0.280000, 
Magn,-47.911770,79.959244,-22.654221, 
Acc,-1.361565,9.626669,-1.560176, 
Gyro,-0.070000,0.560000,-0.700000, 
Magn,-48.761341,79.815735,-24.496384, 
Acc,-1.351993,9.490273,-1.476424, 
Gyro,0.490000,0.560000,-0.560000, 
Magn,-45.634514,81.451759,-20.582487, 
Acc,-1.289778,9.578811,-1.428566, 
Gyro,2.520000,1.680000,-1.260000, 
Magn,-48.100189,79.438797,-24.427446, 
Acc,-1.363958,9.471130,-1.588891, 
Gyro,1.260000,0.490000,-0.770000, 
Magn,-49.714119,79.449501,-24.414738, 
Acc,-1.433352,9.679314,-1.641535, 
Gyro,-0.770000,0.070000,-0.560000, 
Magn,-47.818867,79.139450,-23.360909, 
Acc,-1.402244,9.576418,-1.548212, 
Gyro,-0.840000,0.000000,-0.210000, 
Magn,-48.685093,80.872139,-23.748888, 
Acc,-1.361565,9.521381,-1.579319, 
Gyro,0.000000,-1.680000,-0.140000, 
Magn,-46.993279,78.998123,-23.391491, 
Acc,-1.395065,9.624276,-1.545819, 
Gyro,0.210000,-0.700000,-0.140000, 
Magn,-47.140629,77.166176,-23.575060, 
Acc,-1.399851,9.542917,-1.593677, 
Gyro,-0.210000,-0.210000,-0.350000, 
Magn,-49.708092,80.770905,-24.601093, 
Acc,-1.368743,9.576418,-1.596070, 
Gyro,-0.140000,-0.210000,-0.350000, 
Magn,-45.382309,80.586723,-22.700121, 
Acc,-1.320885,9.581204,-1.579319, 
Gyro,-0.630000,0.070000,0.140000, 
Magn,-48.222672,78.932213,-24.236052, 
Acc,-1.392673,9.435237,-1.560176, 
Gyro,-1.330000,1.400000,-0.280000, 
Magn,-45.821724,77.731720,-23.904202, 
Acc,-1.399851,9.574025,-1.835361, 
Gyro,-2.380000,-0.560000,0.210000, 
Magn,-47.713154,77.002213,-23.319918, 
Acc,-1.428566,9.672134,-1.459674, 
Gyro,-2.310000,0.560000,-1.120000, 
Magn,-47.193214,80.634735,-22.399105, 
Acc,-1.557783,9.557275,-1.646321, 
Gyro,-5.180000,-2.170000,-0.700000, 
Magn,-49.605766,79.953094,-25.027122, 
Acc,-1.545819,9.380199,-1.727680, 
Gyro,-7.910000,-5.530000,-0.910000, 
Magn,-47.212486,80.350899,-24.131521, 
Acc,-1.493175,9.140909,-1.371136, 
Gyro,-3.780000,-6.020000,-3.920000, 
Magn,-46.478592,77.829773,-25.003906, 
Acc,-1.514711,9.521381,-1.629570, 
Gyro,-4.550000,-2.730000,-7.630000, 
Magn,-47.786758,78.586639,-24.720791, 
Acc,-1.552997,9.471130,-1.024165, 
Gyro,-0.350000,-3.640000,-7.700000, 
Magn,-47.946812,82.592140,-24.430235, 
Acc,-1.715715,9.956890,-0.717872, 
Gyro,3.990000,-5.390000,-5.180000, 
Magn,-48.769867,80.854294,-26.274828, 
Acc,-1.689393,10.229682,-0.880590, 
Gyro,4.690000,-1.890000,-2.100000, 
Magn,-49.985134,80.791367,-26.698400, 
Acc,-1.725287,9.956890,-0.935627, 
Gyro,3.360000,0.910000,3.150000, 
Magn,-49.732178,75.966072,-27.695642, 
Acc,-1.471638,10.181824,-0.835125, 
Gyro,-1.750000,6.300000,7.070000, 
Magn,-48.730011,82.742386,-23.136683, 
Acc,-1.708536,9.856388,-0.885376, 
Gyro,-7.350000,1.960000,11.830000, 
Magn,-48.431141,81.607391,-25.022110, 
Acc,-1.196454,8.875296,-1.428566, 
Gyro,-9.310000,-3.990000,11.690000, 
Magn,-48.952721,80.894585,-25.565531, 
Acc,-1.316099,9.265340,-1.569748, 
Gyro,-10.920000,-0.700000,5.600000, 
Magn,-47.283562,80.056152,-27.407570, 
Acc,-1.165346,9.332341,-1.275420, 
Gyro,-6.720000,0.630000,2.870000, 
Magn,-46.962032,77.885567,-27.093565, 
Acc,-1.098345,9.516596,-1.064844, 
Gyro,-1.960000,1.190000,1.680000, 
Magn,-44.146965,77.934822,-27.103693, 
Acc,-1.194061,9.983212,-0.880590, 
Gyro,-3.500000,-0.140000,0.840000, 
Magn,-44.520763,79.333839,-26.292448, 
Acc,-1.038522,9.719993,-0.823160, 
Gyro,-3.360000,0.490000,0.000000, 
Magn,-43.578724,78.377678,-26.328068, 
Acc,-1.033736,9.667349,-0.985878, 
Gyro,-5.740000,-0.630000,0.770000, 
Magn,-45.870110,76.882187,-28.820791, 
Acc,-1.095952,9.758279,-0.658050, 
Gyro,-4.060000,0.910000,0.140000, 
Magn,-47.218487,79.510284,-27.785141, 
Acc,-1.069630,9.664956,-0.646085, 
Gyro,-2.170000,-0.350000,0.210000, 
Magn,-45.988743,75.816864,-30.831259, 
Acc,-1.088773,9.815709,-0.703515, 
Gyro,-3.150000,-1.960000,0.070000, 
Magn,-45.718052,78.715126,-28.496893, 
Acc,-1.122274,9.755886,-0.593441, 
Gyro,-1.400000,0.000000,-0.560000, 
Magn,-45.961693,79.022400,-28.440790, 
Acc,-1.134238,9.700850,-0.677193, 
Gyro,-0.490000,0.980000,-0.560000, 
Magn,-46.852787,79.429710,-29.203733, 
Acc,-1.064844,9.763065,-0.583870, 
Gyro,0.210000,1.260000,-0.770000, 
Magn,-45.670067,79.765579,-28.591375, 
Acc,-1.103131,9.813316,-0.674800, 
Gyro,2.310000,0.770000,-0.070000, 
Magn,-44.319077,79.297516,-26.440424, 
Acc,-1.124667,9.751101,-0.801624, 
Gyro,3.430000,-0.770000,0.490000, 
Magn,-45.735138,80.311447,-28.213802, 
Acc,-0.894948,9.401736,-0.727444, 
Gyro,-0.070000,3.010000,-1.190000, 
Magn,-47.349930,79.762405,-30.543285, 
Acc,-0.155539,7.626198,-1.462067, 
Gyro,13.440001,-5.390000,3.010000, 
Magn,-43.610481,75.171150,-28.858866, 
Acc,-1.739644,12.574732,0.021536, 
Gyro,24.990000,-1.540000,-13.580000, 
Magn,-45.087257,80.491280,-26.223663, 
Acc,-1.873647,11.538603,-0.287149, 
Gyro,6.090000,-2.450000,11.760000, 
Magn,-47.030499,79.750862,-27.183010, 
Acc,-2.601091,14.271304,-2.122509, 
Gyro,-3.500000,6.510000,-3.640000, 
Magn,-45.804062,81.416069,-25.634369, 
Acc,-0.076573,8.942298,-3.586969, 
Gyro,-1.050000,1.260000,8.470000, 
Magn,-43.724781,77.385345,-22.998348, 
Acc,-0.842304,5.886554,-0.251255, 
Gyro,-2.660000,2.660000,23.799999, 
Magn,-43.459660,79.722870,-23.146503, 
Acc,0.674800,2.242155,-0.524047, 
Gyro,-9.170000,-4.060000,7.770000, 
Magn,-43.260151,77.806381,-25.309984, 
Acc,-1.069630,7.437159,-1.313707, 
Gyro,-17.850000,4.340000,-7.350000, 
Magn,-42.673038,78.734001,-27.813015, 
Acc,-2.014829,16.266989,0.586262, 
Gyro,-30.799999,11.270000,-32.270000, 
Magn,-42.371986,79.479164,-27.682940, 
Acc,-0.880590,11.677391,0.320650, 
Gyro,-26.740000,-4.830000,-4.060000, 
Magn,-45.821236,78.973190,-30.413057, 
Acc,-0.871019,10.693906,1.213204, 
Gyro,-16.660000,-0.140000,7.210000, 
Magn,-45.674423,76.005257,-32.622387, 
Acc,-0.492939,8.001884,0.983485, 
Gyro,-14.630000,1.330000,5.880000, 
Magn,-44.124252,77.860832,-32.584209, 
Acc,-1.040915,9.093051,0.547976, 
Gyro,-5.950000,1.330000,-0.840000, 
Magn,-43.018200,76.860413,-33.890446, 
Acc,-0.777695,10.117215,0.555155, 
Gyro,2.940000,-0.980000,-4.480000, 
Magn,-43.183960,75.304382,-33.464241, 
Acc,-0.519261,9.851603,0.564726, 
Gyro,7.490000,-1.610000,-1.960000, 
Magn,-42.726246,73.363472,-34.091736, 
Acc,-0.777695,9.631455,0.342186, 
Gyro,2.800000,-4.830000,-0.630000, 
Magn,-45.492760,79.645355,-35.623169, 
Acc,-0.880590,9.712814,0.459438, 
Gyro,3.290000,-2.030000,-2.380000, 
Magn,-41.741711,76.936234,-31.642584, 
Acc,-0.646085,9.751101,0.189040, 
Gyro,5.390000,-2.240000,-1.400000, 
Magn,-40.872524,73.604248,-31.958685, 
Acc,-0.737016,9.882710,0.236898, 
Gyro,4.620000,-2.100000,-0.070000, 
Magn,-43.372726,78.543266,-31.346785, 
Acc,-0.894948,9.894675,0.234505, 
Gyro,4.970000,0.350000,-0.140000, 
Magn,-43.312790,77.716530,-33.035782, 
Acc,-0.806410,9.889889,0.143574, 
Gyro,3.360000,0.210000,0.070000, 
Magn,-44.957508,79.600464,-31.989880, 
Acc,-0.746587,9.798959,0.129217, 
Gyro,3.360000,0.070000,-0.630000, 
Magn,-42.641792,77.621445,-31.515089, 
Acc,-0.887769,9.617098,0.296721, 
Gyro,9.870000,3.080000,-4.130000, 
Magn,-42.537716,78.403923,-31.096708, 
Acc,-0.488153,9.858782,-0.387651, 
Gyro,5.460000,2.450000,-1.890000, 
Magn,-43.971870,75.453636,-32.311016, 
Acc,-1.110309,9.846817,0.019143, 
Gyro,6.160000,4.970000,-0.560000, 
Magn,-44.478348,79.823555,-28.869453, 
Acc,-1.069630,9.564454,-0.370901, 
Gyro,7.630000,-0.490000,-0.560000, 
Magn,-44.060844,79.753883,-28.744413, 
Acc,-0.782481,9.923389,-0.734623, 
Gyro,7.840000,-4.900000,0.910000, 
Magn,-44.386761,77.683342,-29.249454, 
Acc,-0.957163,10.023892,-0.442688, 
Gyro,7.770000,-6.790000,-0.210000, 
Magn,-45.280819,79.689964,-29.308317, 
Acc,-0.710694,9.686492,-0.569512, 
Gyro,8.190000,-4.900000,-0.210000, 
Magn,-44.625698,77.991608,-29.053022, 
Acc,-0.837518,9.772636,-0.660443, 
Gyro,6.160000,-4.200000,0.840000, 
Magn,-45.059864,79.937477,-27.723875, 
Acc,-0.605406,9.758279,-1.129453, 
Gyro,3.850000,-1.680000,-0.280000, 
Magn,-41.650043,78.835236,-26.960808, 
Acc,-0.720265,9.681706,-1.196454, 
Gyro,2.240000,-0.840000,0.980000, 
Magn,-44.085281,78.708382,-27.948280, 
Acc,-0.885376,9.808530,-0.863840, 
Gyro,2.170000,1.680000,-2.380000, 
Magn,-44.302742,81.661446,-27.843903, 
Acc,-0.689158,9.789387,-0.923663, 
Gyro,3.080000,-0.140000,-2.170000, 
Magn,-41.793114,76.724403,-28.175142, 
Acc,-0.799231,9.796566,-0.988271, 
Gyro,2.660000,-2.380000,-1.260000, 
Magn,-45.387527,76.266647,-29.073324, 
Acc,-0.897341,9.739136,-0.954770, 
Gyro,2.240000,-1.120000,0.210000, 
Magn,-43.822796,78.405075,-27.443062, 
Acc,-0.746587,9.784601,-1.021772, 
Gyro,2.870000,-0.280000,0.210000, 
Magn,-43.279419,77.522545,-27.042400, 
Acc,-0.871019,9.717600,-1.055272, 
Gyro,2.310000,0.840000,-0.630000, 
Magn,-43.382175,78.060486,-27.787470, 
Acc,-0.930841,9.698457,-1.361565, 
Gyro,0.910000,2.800000,0.210000, 
Magn,-43.346680,76.188255,-28.680334, 
Acc,-0.818375,9.691278,-1.318492, 
Gyro,0.210000,-0.140000,0.910000, 
Magn,-43.619362,79.969040,-26.746630, 
Acc,-0.851875,9.825280,-0.983485, 
Gyro,-0.350000,0.000000,-0.560000, 
Magn,-45.381073,77.867928,-28.088585, 
Acc,-0.787267,9.729565,-1.067237, 
Gyro,-0.420000,-0.350000,-0.630000, 
Magn,-44.763523,80.681648,-27.734131, 
Acc,-0.815982,9.775029,-1.067237, 
Gyro,0.490000,-1.540000,-0.420000, 
Magn,-42.298271,82.414734,-25.060266, 
Acc,-0.818375,9.643419,-1.000236, 
Gyro,0.280000,-0.770000,-0.350000, 
Magn,-43.805710,76.808746,-27.726152, 
Acc,-0.811196,9.772636,-1.129453, 
Gyro,0.560000,0.070000,-0.420000, 
Magn,-43.929832,79.221893,-27.157366, 
Acc,-0.825553,9.736743,-1.110309, 
Gyro,0.560000,0.630000,-0.140000, 
Magn,-44.581989,79.320946,-28.116739, 
Acc,-0.801624,9.775029,-0.938020, 
Gyro,2.660000,-0.350000,-0.420000, 
Magn,-42.952641,80.152832,-24.195169, 
Acc,-0.926055,9.904246,-1.074416, 
Gyro,1.050000,-1.400000,-0.700000, 
Magn,-46.074757,78.517807,-27.968737, 
Acc,-0.715479,9.722385,-1.086380, 
Gyro,-0.280000,1.190000,-1.120000, 
Magn,-42.799801,78.506310,-26.590855, 
Acc,-0.772909,9.719993,-1.083987, 
Gyro,0.630000,-0.140000,-0.210000, 
Magn,-42.372448,78.718498,-25.014059, 
Acc,-0.804017,9.796566,-1.117488, 
Gyro,1.120000,-2.310000,-0.350000, 
Magn,-42.994598,80.423782,-24.287045, 
Acc,-0.820767,9.748708,-1.139024, 
Gyro,0.770000,-1.260000,-0.070000, 
Magn,-43.819408,77.085648,-26.976046, 
Acc,-0.746587,9.755886,-1.134238, 
Gyro,1.820000,-0.700000,0.070000, 
Magn,-47.199646,79.514252,-27.223822, 
Acc,-0.780088,9.669742,-1.160560, 
Gyro,1.400000,-0.280000,-0.140000, 
Magn,-43.248203,75.929199,-26.904499, 
Acc,-0.813589,9.679314,-1.153382, 
Gyro,0.560000,-0.420000,-0.350000, 
Magn,-43.165928,78.307014,-26.343359, 
Acc,-0.804017,9.672134,-1.359172, 
Gyro,0.210000,0.490000,-0.560000, 
Magn,-44.254002,78.751648,-26.817995, 
Acc,-0.777695,9.655384,-1.402244, 
Gyro,-1.680000,-1.120000,0.000000, 
Magn,-44.701084,77.494949,-27.458326, 
Acc,-0.782481,9.791780,-1.098345, 
Gyro,-0.770000,0.000000,-0.630000, 
Magn,-44.683884,80.418633,-26.519615, 
Acc,-0.804017,9.691278,-1.160560, 
Gyro,0.140000,-0.280000,-0.490000, 
Magn,-41.177341,77.457039,-24.825121, 
Acc,-0.796838,9.763065,-1.301742, 
Gyro,-0.420000,-1.190000,-0.420000, 
Magn,-43.011795,77.500099,-25.225756, 
Acc,-0.753766,9.722385,-1.167739, 
Gyro,0.350000,-0.560000,-0.560000, 
Magn,-46.699089,78.342926,-29.257227, 
Acc,-0.784874,9.741529,-1.234741, 
Gyro,0.700000,-0.560000,-0.490000, 
Magn,-43.814590,81.606644,-25.613914, 
Acc,-0.784874,9.729565,-1.179704, 
Gyro,0.490000,-0.140000,-0.560000, 
Magn,-44.023624,79.001144,-24.952894, 
Acc,-0.813589,9.703242,-1.225169, 
Gyro,0.420000,-0.420000,-0.490000, 
Magn,-44.277122,79.026566,-26.348549, 
Acc,-0.835125,9.684099,-1.447709, 
Gyro,-0.630000,2.100000,0.070000, 
Magn,-44.004330,79.765778,-27.060453, 
Acc,-0.770516,9.664956,-1.430959, 
Gyro,0.070000,0.070000,0.280000, 
Magn,-43.735382,81.063751,-25.570496, 
Acc,-0.760945,9.760673,-1.129453, 
Gyro,-0.490000,-0.210000,-0.770000, 
Magn,-44.918110,80.727890,-26.182854, 
Acc,-0.780088,9.693670,-1.225169, 
Gyro,-0.210000,-0.210000,-0.490000, 
Magn,-43.718296,79.467430,-25.853584, 
Acc,-0.789660,9.741529,-1.165346, 
Gyro,0.840000,-0.840000,-0.630000, 
Magn,-43.912312,77.905441,-26.269358, 
Acc,-0.763338,9.722385,-1.198847, 
Gyro,0.490000,-0.560000,-0.420000, 
Magn,-41.600445,76.485176,-23.592707, 
Acc,-0.792053,9.712814,-1.206026, 
Gyro,0.420000,-0.140000,-0.210000, 
Magn,-43.985489,79.769745,-26.499134, 
Acc,-0.796838,9.696064,-1.210811, 
Gyro,0.000000,-0.140000,-0.350000, 
Magn,-43.324337,79.392799,-26.430197, 
Acc,-0.830339,9.700850,-1.198847, 
Gyro,0.070000,0.000000,-0.350000, 
Magn,-45.528313,80.555992,-27.050352, 
Acc,-0.751373,9.729565,-1.210811, 
Gyro,-0.140000,-0.070000,-0.560000, 
Magn,-42.408375,80.310852,-25.292292, 
Acc,-0.799231,9.746315,-1.414209, 
Gyro,0.070000,0.700000,-0.280000, 
Magn,-44.529751,79.611725,-25.402012, 
Acc,-0.789660,9.775029,-1.234741, 
Gyro,1.050000,-1.050000,0.070000, 
Magn,-42.779213,80.110565,-25.185125, 
Acc,-0.808803,9.753493,-1.150989, 
Gyro,-0.630000,0.000000,-0.980000, 
Magn,-43.404861,78.615280,-26.146927, 
Acc,-0.787267,9.708028,-1.174918, 
Gyro,-0.630000,0.070000,-0.770000, 
Magn,-45.050442,79.939461,-27.443214, 
Acc,-0.765731,9.736743,-1.172525, 
Gyro,-0.490000,-0.770000,-0.770000, 
Magn,-41.414955,79.085724,-24.955376, 
Acc,-0.772909,9.698457,-1.179704, 
Gyro,-0.560000,-0.840000,-0.630000, 
Magn,-45.048695,81.539749,-26.598806, 
Acc,-0.789660,9.708028,-1.203633, 
Gyro,0.070000,-0.280000,-0.280000, 
Magn,-44.495895,80.659210,-25.917484, 
Acc,-0.796838,9.715207,-1.206026, 
Gyro,-0.070000,0.070000,-0.350000, 
Magn,-44.867161,80.179047,-26.981417, 
Acc,-0.772909,9.688885,-1.198847, 
Gyro,0.490000,-0.070000,-0.420000, 
Magn,-43.468731,75.961555,-27.317844, 
Acc,-0.748980,9.712814,-1.217990, 
Gyro,0.140000,0.280000,-0.490000, 
Magn,-45.050442,79.939461,-27.443214, 
Acc,-0.775302,9.803744,-1.299349, 
Gyro,1.330000,-0.140000,-0.420000, 
Magn,-43.857086,77.077713,-28.098686, 
Acc,-0.763338,9.729565,-1.165346, 
Gyro,0.840000,-1.400000,-0.350000, 
Magn,-45.397728,79.744133,-26.634399, 
Acc,-0.813589,9.736743,-1.194061, 
Gyro,-0.840000,0.140000,-0.980000, 
Magn,-45.276997,78.650414,-27.670204, 
Acc,-0.777695,9.705635,-1.201240, 
Gyro,-0.840000,0.490000,-0.350000, 
Magn,-42.652908,79.577583,-23.738405, 
Acc,-0.737016,9.763065,-1.284992, 
Gyro,-0.840000,-1.190000,-0.700000, 
Magn,-43.493057,79.436058,-25.299910, 
Acc,-0.787267,9.698457,-1.206026, 
Gyro,-0.700000,-1.050000,0.000000, 
Magn,-42.900375,80.924408,-25.320419, 
Acc,-0.746587,9.736743,-1.234741, 
Gyro,-0.140000,-0.630000,-0.140000, 
Magn,-43.567554,79.979942,-25.202999, 
Acc,-0.772909,9.734350,-1.182097, 
Gyro,-0.980000,0.210000,-0.560000, 
Magn,-44.790916,81.235451,-26.233917, 
Acc,-0.748980,9.734350,-1.203633, 
Gyro,-0.700000,0.420000,-0.420000, 
Magn,-42.450012,76.341667,-25.434870, 
Acc,-0.720265,9.715207,-1.177311, 
Gyro,-0.840000,0.350000,-0.420000, 
Magn,-42.706898,77.686508,-27.297543, 
Acc,-0.777695,9.657777,-1.141417, 
Gyro,-0.980000,1.750000,-0.700000, 
Magn,-44.573460,78.282379,-26.338295, 
Acc,-0.753766,9.664956,-1.450102, 
Gyro,-1.750000,-0.420000,0.350000, 
Magn,-43.502476,79.434082,-25.580570, 
Acc,-0.830339,9.779816,-1.040915, 
Gyro,-2.240000,0.280000,-1.120000, 
Magn,-45.796825,79.537895,-27.369213, 
Acc,-0.811196,9.669742,-1.155775, 
Gyro,-1.330000,-0.070000,-0.700000, 
Magn,-43.516605,79.431107,-26.001560, 
Acc,-0.811196,9.789387,-1.167739, 
Gyro,-0.140000,-1.260000,-0.280000, 
Magn,-42.293240,78.175606,-24.970640, 
Acc,-0.811196,9.719993,-1.081594, 
Gyro,0.420000,-0.560000,-0.420000, 
Magn,-44.958858,77.799248,-27.823215, 
Acc,-0.751373,9.719993,-1.124667, 
Gyro,0.770000,-0.420000,-0.350000, 
Magn,-43.022858,80.417839,-25.129025, 
Acc,-0.734623,9.755886,-1.107916, 
Gyro,0.770000,0.350000,-0.420000, 
Magn,-45.862331,79.803886,-28.162739, 
Acc,-0.765731,9.688885,-1.179704, 
Gyro,0.210000,0.070000,-0.420000, 
Magn,-45.098858,78.609131,-28.519829, 
Acc,-0.744194,9.641026,-1.215597, 
Gyro,0.770000,1.190000,-0.840000, 
Magn,-42.667469,79.294739,-25.330492, 
Acc,-0.756159,9.621883,-1.418995, 
Gyro,-0.560000,-0.980000,0.000000, 
Magn,-44.725845,80.689583,-26.611490, 
Acc,-0.787267,9.763065,-1.117488, 
Gyro,-1.190000,-0.140000,-0.840000, 
Magn,-44.788391,79.356277,-28.109093, 
Acc,-0.760945,9.727171,-1.146203, 
Gyro,-0.560000,-0.420000,-0.560000, 
Magn,-41.081829,78.797287,-22.345205, 
