Timestamp,Count
41547,0
41555,0
41563,-1
41570,-2
41578,-3
41586,-5
41594,-8
41602,-8
41610,-13
41617,-15
41625,-14
41633,-22
41641,-14
41649,-25
41656,-43
41664,9
41672,14
41680,-99
41688,-141
41695,86
41703,468
41711,648
41719,477
41727,169
41735,3
41742,-33
41750,-83
41758,-119
41766,-109
41774,-106
41781,-103
41789,-109
41797,-107
41805,-94
41813,-81
41820,-78
41828,-85
41836,-87
41844,-88
41852,-92
41860,-100
41867,-108
41875,-113
41883,-115
41891,-115
41899,-114
41906,-115
41914,-120
41922,-122
41930,-117
41938,-112
41945,-112
41953,-110
41961,-105
41969,-101
41977,-104
41985,-109
41992,-113
42000,-105
42008,-93
42016,-85
42024,-80
42031,-92
42039,-106
42047,-103
42055,-78
42063,-42
42070,-18
42078,-23
42086,-45
42094,-75
42102,-104
42110,-123
42117,-126
42125,-113
42133,-103
42141,-99
42149,-78
42156,-40
42164,-61
42172,-274
42180,-380
42188,371
42195,1833
42203,2556
42211,1473
42219,-595
42227,-1856
42235,-1650
42242,-880
42250,-509
42258,-489
42266,-402
42274,-272
42281,-198
42289,-140
42297,-106
42305,-87
42313,-59
42320,-41
42328,-26
42336,-18
42344,-10
42352,4
42360,18
42367,29
42375,42
42383,61
42391,83
42399,95
42406,93
42414,84
42422,69
42430,43
42438,2
42445,-74
42453,-173
42461,-272
42469,-340
42477,-358
42485,-345
42492,-309
42500,-275
42508,-237
42516,-203
42524,-167
42531,-134
42539,-107
42547,-85
42555,-72
42563,-61
42570,-52
42578,-48
42586,-45
42594,-48
42602,-53
42610,-60
42617,-67
42625,-70
42633,-70
42641,-66
42649,-72
42656,-81
42664,-85
42672,-78
42680,-74
42688,-78
42695,-83
42703,-79
42711,-73
42719,-68
42727,-68
42735,-66
42742,-59
42750,-53
42758,-61
42766,-73
42774,-73
42781,-46
42789,-8
42797,18
42805,15
42813,-19
42820,-54
42828,-77
42836,-87
42844,-97
42852,-92
42860,-86
42867,-79
42875,-49
42883,-9
42891,-47
42899,-282
42906,-394
42914,409
42922,1955
42930,2700
42938,1547
42945,-616
42953,-1904
42961,-1670
42969,-872
42977,-513
42985,-501
42992,-403
43000,-262
43008,-186
43016,-125
43024,-90
43031,-67
43039,-44
43047,-26
43055,-12
43063,-6
43070,0
43078,13
43086,30
43094,47
43102,59
43110,78
43117,98
43125,113
43133,118
43141,112
43149,93
43156,57
43164,10
43172,-61
43180,-153
43188,-247
43195,-312
43203,-331
43211,-320
43219,-294
43227,-258
43235,-213
43242,-172
43250,-144
43258,-117
43266,-93
43274,-74
43281,-63
43289,-53
43297,-45
43305,-39
43313,-39
43320,-37
43328,-38
43336,-40
43344,-47
43352,-52
43360,-54
43367,-59
43375,-66
43383,-71
43391,-71
43399,-72
43406,-72
43414,-67
43422,-60
43430,-60
43438,-67
43445,-67
43453,-60
43461,-52
43469,-56
43477,-56
43485,-61
43492,-66
43500,-72
43508,-65
43516,-45
43524,-14
43531,15
43539,26
43547,5
43555,-39
43563,-78
43570,-91
43578,-87
43586,-72
43594,-72
43602,-80
43610,-58
43617,-18
43625,-53
43633,-288
43641,-399
43649,421
43656,2012
43664,2783
43672,1607
43680,-618
43688,-1954
43695,-1720
43703,-901
43711,-526
43719,-511
43727,-411
43735,-270
43742,-197
43750,-137
43758,-96
43766,-63
43774,-41
43781,-29
43789,-19
43797,-5
43805,5
43813,18
43820,31
43828,46
43836,57
43844,73
43852,91
43860,113
43867,129
43875,121
43883,97
43891,68
43899,22
43906,-46
43914,-143
43922,-245
43930,-314
43938,-338
43945,-331
43953,-303
43961,-264
43969,-221
43977,-179
43985,-142
43992,-116
44000,-97
44008,-79
44016,-66
44024,-53
44031,-51
44039,-53
44047,-48
44055,-40
44063,-37
44070,-38
44078,-43
44086,-45
44094,-51
44102,-56
44110,-61
44117,-63
44125,-69
44133,-71
44141,-70
44149,-65
44156,-64
44164,-68
44172,-69
44180,-68
44188,-65
44195,-63
44203,-57
44211,-51
44219,-53
44227,-58
44235,-64
44242,-74
44250,-73
44258,-57
44266,-23
44274,9
44281,20
44289,7
44297,-24
44305,-61
44313,-82
44320,-89
44328,-83
44336,-77
44344,-83
44352,-75
44360,-34
44367,-9
44375,-123
44383,-402
44391,-235
44399,1013
44406,2527
44414,2592
44422,788
44430,-1321
44438,-2036
44445,-1415
44453,-694
44461,-523
44469,-506
44477,-360
44485,-239
44492,-173
44500,-117
44508,-81
44516,-51
44524,-34
44531,-25
44539,-14
44547,-1
44555,12
44563,21
44570,32
44578,45
44586,66
44594,83
44602,100
44610,113
44617,117
44625,112
44633,94
44641,57
44649,4
44656,-72
44664,-163
44672,-253
44680,-317
44688,-335
44695,-324
44703,-288
44711,-250
44719,-210
44727,-168
44735,-132
44742,-103
44750,-89
44758,-78
44766,-67
44774,-55
44781,-46
44789,-45
44797,-43
44805,-39
44813,-39
44820,-41
44828,-46
44836,-50
44844,-52
44852,-54
44860,-60
44867,-61
44875,-64
44883,-63
44891,-67
44899,-69
44906,-63
44914,-58
44922,-58
44930,-59
44938,-57
44945,-56
44953,-54
44961,-51
44969,-49
44977,-52
44985,-53
44992,-58
45000,-68
45008,-71
45016,-57
45024,-28
45031,4
45039,26
45047,23
45055,-5
45063,-50
45070,-79
45078,-89
45086,-82
45094,-69
45102,-72
45110,-74
45117,-41
45125,-11
45133,-90
45141,-361
45149,-320
45156,766
45164,2334
45172,2694
45180,1122
45188,-1050
45195,-2006
45203,-1519
45211,-757
45219,-520
45227,-514
45235,-378
45242,-242
45250,-175
45258,-120
45266,-85
45274,-61
45281,-41
45289,-28
45297,-16
45305,-3
45313,9
45320,19
45328,37
45336,54
45344,69
45352,81
45360,95
45367,108
45375,115
45383,114
45391,97
45399,67
45406,21
45414,-54
45422,-151
45430,-248
45438,-309
45445,-328
45453,-317
45461,-288
45469,-250
45477,-212
45485,-171
45492,-140
45500,-112
45508,-90
45516,-73
45524,-64
45531,-60
45539,-53
45547,-48
45555,-43
45563,-42
45570,-43
45578,-39
45586,-36
45594,-43
45602,-55
45610,-64
45617,-62
45625,-66
45633,-71
45641,-71
45649,-66
45656,-59
45664,-55
45672,-57
45680,-59
45688,-61
45695,-60
45703,-59
45711,-59
45719,-61
45727,-64
45735,-57
45742,-54
45750,-57
45758,-66
45766,-65
45774,-51
45781,-25
45789,0
45797,15
45805,11
45813,-16
45820,-53
45828,-75
45836,-88
45844,-82
45852,-72
45860,-76
45867,-77
45875,-41
45883,-5
45891,-82
45899,-353
45906,-309
45914,769
45922,2301
45930,2618
45938,1052
45945,-1068
45953,-1978
45961,-1483
45969,-726
45977,-486
45985,-477
45992,-354
46000,-238
46008,-173
46016,-119
46024,-84
46031,-56
46039,-30
46047,-17
46055,-9
46063,0
46070,9
46078,22
46086,37
46094,53
46102,74
46110,95
46117,114
46125,135
46133,140
46141,130
46149,99
46156,56
46164,-2
46172,-80
46180,-177
46188,-264
46195,-333
46203,-363
46211,-351
46219,-309
46227,-261
46235,-224
46242,-195
46250,-160
46258,-129
46266,-104
46274,-83
46281,-65
46289,-48
46297,-39
46305,-36
46313,-31
46320,-30
46328,-39
46336,-47
46344,-52
46352,-53
46360,-52
46367,-51
46375,-56
46383,-67
46391,-75
46399,-83
46406,-83
46414,-78
46422,-70
46430,-60
46438,-54
46445,-64
46453,-74
46461,-82
46469,-72
46477,-47
46485,-20
46492,-7
46500,-4
46508,-11
46516,-25
46524,-50
46531,-73
46539,-80
46547,-77
46555,-68
46563,-78
46570,-80
46578,-47
46586,0
46594,-71
46602,-340
46610,-271
46617,834
46625,2356
46633,2623
46641,1000
46649,-1134
46656,-2016
46664,-1495
46672,-741
46680,-498
46688,-477
46695,-351
46703,-237
46711,-170
46719,-109
46727,-70
46735,-43
46742,-23
46750,-8
46758,1
46766,3
46774,10
46781,24
46789,46
46797,67
46805,87
46813,119
46820,143
46828,148
46836,136
46844,117
46852,93
46860,53
46867,-16
46875,-119
46883,-235
46891,-341
46899,-394
46906,-391
46914,-348
46922,-293
46930,-250
46938,-222
46945,-192
46953,-152
46961,-112
46969,-92
46977,-86
46985,-71
46992,-47
47000,-29
47008,-29
47016,-26
47024,-17
47031,-24
47039,-41
47047,-47
47055,-42
47063,-48
47070,-64
47078,-68
47086,-57
47094,-53
47102,-64
47110,-80
47117,-81
47125,-76
47133,-75
47141,-72
47149,-72
47156,-78
47164,-70
47172,-37
47180,5
47188,21
47195,0
47203,-36
47211,-62
47219,-71
47227,-77
47235,-81
47242,-69
47250,-71
47258,-75
47266,-37
47274,3
47281,-93
47289,-398
47297,-275
47305,1011
47313,2659
47320,2833
47328,970
47336,-1323
47344,-2185
47352,-1580
47360,-792
47367,-570
47375,-537
47383,-387
47391,-261
47399,-188
47406,-126
47414,-93
47422,-63
47430,-42
47438,-25
47445,-12
47453,1
47461,12
47469,23
47477,37
47485,58
47492,84
47500,108
47508,122
47516,132
47524,136
47531,126
47539,98
47547,51
47555,-22
47563,-126
47570,-243
47578,-333
47586,-368
47594,-356
47602,-324
47610,-283
47617,-237
47625,-192
47633,-159
47641,-140
47649,-117
47656,-93
47664,-72
47672,-65
47680,-57
47688,-47
47695,-31
47703,-20
47711,-19
47719,-23
47727,-29
47735,-33
47742,-38
47750,-46
47758,-55
47766,-62
47774,-70
47781,-71
47789,-73
47797,-77
47805,-79
47813,-77
47820,-69
47828,-61
47836,-59
47844,-59
47852,-70
47860,-82
47867,-79
47875,-52
47883,-9
47891,17
47899,7
47906,-21
47914,-50
47922,-64
47930,-70
47938,-79
47945,-75
47953,-74
47961,-78
47969,-52
47977,-7
47985,-37
47992,-289
48000,-447
48008,377
48016,2082
48024,3001
48031,1834
48039,-545
48047,-2051
48055,-1863
48063,-990
48070,-573
48078,-558
48086,-446
48094,-286
48102,-208
48110,-148
48117,-104
48125,-75
48133,-51
48141,-40
48149,-30
48156,-17
48164,-2
48172,10
48180,23
48188,39
48195,57
48203,77
48211,100
48219,124
48227,137
48235,136
48242,116
48250,85
48258,36
48266,-44
48274,-150
48281,-253
48289,-321
48297,-339
48305,-321
48313,-293
48320,-254
48328,-208
48336,-167
48344,-135
48352,-109
48360,-89
48367,-76
48375,-66
48383,-60
48391,-55
48399,-47
48406,-41
48414,-40
48422,-42
48430,-44
48438,-47
48445,-49
48453,-48
48461,-51
48469,-52
48477,-55
48485,-60
48492,-66
48500,-69
48508,-69
48516,-63
48524,-60
48531,-60
48539,-54
48547,-52
48555,-52
48563,-56
48570,-60
48578,-55
48586,-47
48594,-44
48602,-45
48610,-57
48617,-67
48625,-70
48633,-53
48641,-27
48649,1
48656,19
48664,15
48672,-14
48680,-49
48688,-71
48695,-83
48703,-83
48711,-73
48719,-75
48727,-73
48735,-40
48742,-13
48750,-88
48758,-358
48766,-336
48774,749
48781,2403
48789,2869
48797,1299
48805,-1007
48813,-2108
48820,-1664
48828,-848
48836,-564
48844,-553
48852,-411
48860,-264
48867,-190
48875,-131
48883,-93
48891,-66
48899,-46
48906,-34
48914,-22
48922,-12
48930,-1
48938,12
48945,30
48953,45
48961,57
48969,76
48977,95
48985,116
48992,127
49000,129
49008,115
49016,85
49024,36
49031,-36
49039,-132
49047,-232
49055,-306
49063,-342
49070,-336
49078,-307
49086,-261
49094,-217
49102,-173
49110,-141
49117,-113
49125,-89
49133,-75
49141,-68
49149,-65
49156,-63
49164,-57
49172,-50
49180,-46
49188,-51
49195,-54
49203,-56
49211,-57
49219,-59
49227,-60
49235,-61
49242,-61
49250,-62
49258,-64
49266,-67
49274,-69
49281,-69
49289,-67
49297,-67
49305,-69
49313,-68
49320,-61
49328,-56
49336,-58
49344,-60
49352,-58
49360,-49
49367,-50
49375,-61
49383,-77
49391,-75
49399,-48
49406,-14
49414,16
49422,28
49430,12
49438,-25
49445,-61
49453,-84
49461,-90
49469,-84
49477,-71
49485,-75
49492,-68
49500,-33
49508,-21
49516,-159
49524,-429
49531,-143
49539,1241
49547,2704
49555,2528
49563,548
49570,-1506
49578,-2046
49586,-1347
49594,-675
49602,-553
49610,-522
49617,-358
49625,-241
49633,-172
49641,-115
49649,-86
49656,-60
49664,-42
49672,-27
49680,-16
49688,-7
49695,3
49703,15
49711,31
49719,46
49727,66
49735,80
49742,99
49750,113
49758,123
49766,120
49774,103
49781,66
49789,7
49797,-80
49805,-183
49813,-276
49820,-337
49828,-347
49836,-323
49844,-285
49852,-247
49860,-208
49867,-167
49875,-132
49883,-102
49891,-81
49899,-71
49906,-65
49914,-62
49922,-59
49930,-50
49938,-42
49945,-44
49953,-49
49961,-56
49969,-56
49977,-51
49985,-48
49992,-52
50000,-60
50008,-63
50016,-65
50024,-65
50031,-68
50039,-69
50047,-63
50055,-61
50063,-60
50070,-58
50078,-57
50086,-59
50094,-61
50102,-63
50110,-61
50117,-59
50125,-58
50133,-61
50141,-64
50149,-67
50156,-62
50164,-56
50172,-50
50180,-47
50188,-54
50195,-59
50203,-51
50211,-25
50219,6
50227,30
50235,32
50242,8
50250,-25
50258,-60
50266,-85
50274,-92
50281,-81
50289,-66
50297,-70
50305,-57
50313,-24
50320,-36
50328,-232
50336,-434
50344,150
50352,1678
50360,2776
50367,2015
50375,-143
50383,-1795
50391,-1860
50399,-1064
50406,-571
50414,-532
50422,-456
50430,-297
50438,-207
50445,-145
50453,-102
50461,-74
50469,-50
50477,-33
50485,-22
50492,-12
50500,0
50508,14
50516,29
50524,44
50531,53
50539,68
50547,86
50555,106
50563,117
50570,118
50578,103
50586,85
50594,50
50602,4
50610,-75
50617,-177
50625,-274
50633,-328
50641,-337
50649,-312
50656,-276
50664,-236
50672,-204
50680,-169
50688,-140
50695,-106
50703,-82
50711,-69
50719,-62
50727,-53
50735,-44
50742,-38
50750,-40
50758,-44
50766,-51
50774,-56
50781,-60
50789,-63
50797,-62
50805,-63
50813,-67
50820,-69
50828,-66
50836,-66
50844,-64
50852,-61
50860,-62
50867,-67
50875,-71
50883,-63
50891,-60
50899,-56
50906,-59
50914,-60
50922,-59
50930,-58
50938,-55
50945,-46
50953,-42
50961,-43
50969,-51
50977,-58
50985,-56
50992,-50
51000,-46
51008,-47
51016,-44
51024,-40
51031,-40
51039,-44
51047,-51
51055,-56
51063,-56
51070,-52
51078,-45
51086,-45
51094,-50
51102,-58
51110,-54
51117,-32
51125,-17
51133,-8
51141,0
51149,11
51156,-1
51164,-35
51172,-78
51180,-100
51188,-90
51195,-67
51203,-64
51211,-80
51219,-57
51227,-1
51235,-22
51242,-272
51250,-412
51258,379
51266,1937
51274,2712
51281,1586
51289,-579
51297,-1895
51305,-1685
51313,-890
51320,-519
51328,-503
51336,-406
51344,-272
51352,-197
51360,-137
51367,-94
51375,-61
51383,-39
51391,-28
51399,-21
51406,-9
51414,5
51422,17
51430,33
51438,47
51445,65
51453,80
51461,89
51469,95
51477,106
51485,113
51492,106
51500,87
51508,54
51516,-3
51524,-83
51531,-180
51539,-270
51547,-327
51555,-345
51563,-330
51570,-292
51578,-239
51586,-197
51594,-165
51602,-138
51610,-109
51617,-79
51625,-64
51633,-60
51641,-56
51649,-54
51656,-49
51664,-46
51672,-47
51680,-49
51688,-47
51695,-52
51703,-63
51711,-73
51719,-73
51727,-67
51735,-75
51742,-88
51750,-88
51758,-77
51766,-71
51774,-70
51781,-69
51789,-67
51797,-60
51805,-55
51813,-56
51820,-59
51828,-60
51836,-59
51844,-52
51852,-56
51860,-61
51867,-65
51875,-58
51883,-55
51891,-56
51899,-54
51906,-45
51914,-35
51922,-40
51930,-60
51938,-75
51945,-64
51953,-23
51961,14
51969,18
51977,-6
51985,-38
51992,-70
52000,-85
52008,-89
52016,-78
52024,-70
52031,-83
52039,-74
52047,-24
52055,-6
52063,-183
52070,-410
52078,91
52086,1569
52094,2745
52102,2121
52110,-2
52117,-1753
52125,-1934
52133,-1147
52141,-589
52149,-517
52156,-462
52164,-310
52172,-208
52180,-139
52188,-94
52195,-73
52203,-52
52211,-31
52219,-18
52227,-5
52235,8
52242,17
52250,20
52258,34
52266,60
52274,85
52281,105
52289,120
52297,125
52305,123
52313,112
52320,90
52328,45
52336,-20
52344,-112
52352,-213
52360,-305
52367,-355
52375,-365
52383,-345
52391,-311
52399,-261
52406,-207
52414,-158
52422,-129
52430,-112
52438,-96
52445,-72
52453,-58
52461,-51
52469,-46
52477,-40
52485,-39
52492,-38
52500,-42
52508,-42
52516,-39
52524,-40
52531,-47
52539,-59
52547,-69
52555,-76
52563,-72
52570,-65
52578,-67
52586,-73
52594,-74
52602,-70
52610,-67
52617,-69
52625,-67
52633,-58
52641,-47
52649,-51
52656,-56
52664,-63
52672,-60
52680,-53
52688,-48
52695,-58
52703,-72
52711,-75
52719,-55
52727,-27
52735,1
52742,16
52750,11
52758,-13
52766,-49
52774,-79
52781,-93
52789,-88
52797,-72
52805,-73
52813,-66
52820,-32
52828,-8
52836,-122
52844,-404
52852,-211
52860,1086
52867,2603
52875,2609
52883,726
52891,-1395
52899,-2071
52906,-1419
52914,-697
52922,-528
52930,-504
52938,-358
52945,-246
52953,-179
52961,-119
52969,-82
52977,-59
52985,-44
52992,-31
53000,-18
53008,-9
53016,-4
53024,4
53031,24
53039,48
53047,62
53055,76
53063,93
53070,115
53078,128
53086,129
53094,111
53102,82
53110,30
53117,-43
53125,-145
53133,-246
53141,-315
53149,-343
53156,-329
53164,-295
53172,-252
53180,-209
53188,-171
53195,-137
53203,-109
53211,-86
53219,-72
53227,-61
53235,-55
53242,-50
53250,-47
53258,-39
53266,-35
53274,-35
53281,-43
53289,-46
53297,-47
53305,-47
53313,-54
53320,-61
53328,-65
53336,-66
53344,-61
53352,-63
53360,-67
53367,-69
53375,-63
53383,-59
53391,-58
53399,-61
53406,-61
53414,-56
53422,-49
53430,-46
53438,-45
53445,-47
53453,-48
53461,-44
53469,-45
53477,-44
53485,-48
53492,-49
53500,-52
53508,-59
53516,-60
53524,-48
53531,-22
53539,10
53547,28
53555,19
53563,-11
53570,-50
53578,-76
53586,-84
53594,-71
53602,-58
53610,-65
53617,-64
53625,-27
53633,-4
53641,-119
53649,-401
53656,-212
53664,1074
53672,2603
53680,2643
53688,792
53695,-1345
53703,-2066
53711,-1443
53719,-726
53727,-554
53735,-523
53742,-367
53750,-244
53758,-174
53766,-115
53774,-82
53781,-54
53789,-38
53797,-27
53805,-17
53813,-7
53820,6
53828,17
53836,33
53844,46
53852,61
53860,77
53867,96
53875,112
53883,123
53891,126
53899,113
53906,83
53914,36
53922,-34
53930,-125
53938,-221
53945,-297
53953,-337
53961,-335
53969,-307
53977,-264
53985,-222
53992,-179
54000,-152
54008,-126
54016,-103
54024,-81
54031,-69
54039,-62
54047,-60
54055,-56
54063,-47
54070,-43
54078,-44
54086,-46
54094,-48
54102,-52
54110,-53
54117,-56
54125,-57
54133,-61
54141,-61
54149,-62
54156,-61
54164,-65
54172,-65
54180,-62
54188,-60
54195,-63
54203,-65
54211,-61
54219,-52
54227,-50
54235,-51
54242,-55
54250,-54
54258,-50
54266,-51
54274,-51
54281,-50
54289,-52
54297,-61
54305,-64
54313,-55
54320,-33
54328,-5
54336,22
54344,27
54352,5
54360,-40
54367,-75
54375,-85
54383,-86
54391,-79
54399,-77
54406,-79
54414,-50
54422,-21
54430,-68
54438,-301
54445,-392
54453,460
54461,2062
54469,2825
54477,1625
54485,-616
54492,-1968
54500,-1748
54508,-933
54516,-561
54524,-545
54531,-429
54539,-275
54547,-199
54555,-140
54563,-103
54570,-78
54578,-56
54586,-44
54594,-26
54602,-5
54610,8
54617,15
54625,29
54633,46
54641,63
54649,68
54656,81
54664,103
54672,120
54680,124
54688,108
54695,82
54703,50
54711,-12
54719,-106
54727,-210
54735,-297
54742,-344
54750,-350
54758,-335
54766,-298
54774,-253
54781,-204
54789,-162
54797,-132
54805,-110
54813,-88
54820,-70
54828,-58
54836,-53
54844,-53
54852,-53
54860,-48
54867,-45
54875,-49
54883,-52
54891,-52
54899,-49
54906,-47
54914,-53
54922,-62
54930,-71
54938,-75
54945,-71
54953,-65
54961,-66
54969,-71
54977,-70
54985,-62
54992,-54
55000,-54
55008,-56
55016,-51
55024,-50
55031,-52
55039,-55
55047,-54
55055,-46
55063,-43
55070,-47
55078,-53
55086,-58
55094,-57
55102,-44
55110,-25
55117,4
55125,24
55133,13
55141,-25
55149,-67
55156,-87
55164,-86
55172,-72
55180,-64
55188,-76
55195,-64
55203,-22
55211,-14
55219,-189
55227,-403
55235,124
55242,1584
55250,2682
55258,2003
55266,-85
55274,-1749
55281,-1861
55289,-1075
55297,-550
55305,-489
55313,-425
55320,-283
55328,-193
55336,-139
55344,-96
55352,-71
55360,-47
55367,-28
55375,-9
55383,4
55391,3
55399,9
55406,32
55414,61
55422,85
55430,95
55438,108
55445,122
55453,138
55461,138
55469,124
55477,95
55485,55
55492,-8
55500,-103
55508,-220
55516,-320
55524,-377
55531,-384
55539,-356
55547,-315
55555,-269
55563,-224
55570,-182
55578,-150
55586,-128
55594,-100
55602,-72
55610,-56
55617,-51
55625,-52
55633,-44
55641,-40
55649,-41
55656,-41
55664,-42
55672,-43
55680,-48
55688,-58
55695,-66
55703,-69
55711,-67
55719,-70
55727,-69
55735,-64
55742,-62
55750,-66
55758,-63
55766,-55
55774,-55
55781,-63
55789,-65
55797,-57
55805,-50
55813,-55
55820,-64
55828,-63
55836,-43
55844,-13
55852,14
55860,16
55867,-7
55875,-39
55883,-70
55891,-85
55899,-92
55906,-82
55914,-77
55922,-78
55930,-52
55938,3
55945,-37
55953,-300
55961,-360
55969,601
55977,2225
55985,2824
55992,1413
56000,-871
56008,-2069
56016,-1694
56024,-855
56031,-510
56039,-498
56047,-390
56055,-256
56063,-182
56070,-123
56078,-84
56086,-59
56094,-38
56102,-30
56110,-19
56117,3
56125,30
56133,44
56141,46
56149,56
56156,77
56164,107
56172,127
56180,135
56188,138
56195,138
56203,125
56211,88
56219,19
56227,-78
56235,-189
56242,-293
56250,-365
56258,-384
56266,-365
56274,-323
56281,-276
56289,-231
56297,-189
56305,-160
56313,-136
56320,-108
56328,-80
56336,-63
56344,-58
56352,-54
56360,-45
56367,-37
56375,-32
56383,-29
56391,-31
56399,-37
56406,-43
56414,-50
56422,-57
56430,-59
56438,-65
56445,-67
56453,-68
56461,-66
56469,-67
56477,-66
56485,-63
56492,-61
56500,-59
56508,-67
56516,-68
56524,-68
56531,-74
56539,-72
56547,-56
56555,-23
56563,6
56570,18
56578,3
56586,-25
56594,-50
56602,-70
56610,-85
56617,-79
56625,-71
56633,-76
56641,-62
56649,-19
56656,-10
56664,-192
56672,-454
56680,36
56688,1603
56695,2917
56703,2338
56711,105
56719,-1804
56727,-2046
56735,-1228
56742,-635
56750,-560
56758,-494
56766,-331
56774,-234
56781,-166
56789,-113
56797,-82
56805,-64
56813,-52
56820,-41
56828,-23
56836,-7
56844,4
56852,18
56860,35
56867,51
56875,76
56883,95
56891,113
56899,123
56906,129
56914,121
56922,103
56930,62
56938,-7
56945,-102
56953,-206
56961,-292
56969,-335
56977,-339
56985,-311
56992,-275
57000,-231
57008,-195
57016,-163
57024,-133
57031,-110
57039,-90
57047,-75
57055,-63
57063,-54
57070,-52
57078,-47
57086,-45
57094,-42
57102,-43
57110,-43
57117,-46
57125,-47
57133,-48
57141,-54
57149,-62
57156,-69
57164,-67
57172,-62
57180,-63
57188,-70
57195,-74
57203,-70
57211,-62
57219,-57
57227,-54
57235,-53
57242,-53
57250,-55
57258,-56
57266,-53
57274,-52
57281,-51
57289,-61
57297,-69
57305,-62
57313,-39
57320,-9
57328,17
57336,25
57344,3
57352,-35
57360,-71
57367,-85
57375,-84
57383,-68
57391,-71
57399,-81
57406,-56
57414,-18
57422,-45
57430,-267
57438,-420
57445,329
57453,1960
57461,2910
57469,1866
57477,-431
57485,-1975
57492,-1865
57500,-1012
57508,-570
57516,-548
57524,-450
57531,-287
57539,-208
57547,-144
57555,-98
57563,-67
57570,-40
57578,-26
57586,-19
57594,-13
57602,-2
57610,14
57617,27
57625,43
57633,59
57641,80
57649,100
57656,113
57664,128
57672,134
57680,127
57688,106
57695,55
57703,-10
57711,-99
57719,-203
57727,-290
57735,-340
57742,-345
57750,-320
57758,-287
57766,-242
57774,-198
57781,-156
57789,-125
57797,-107
57805,-89
57813,-74
57820,-61
57828,-51
57836,-50
57844,-47
57852,-44
57860,-45
57867,-49
57875,-51
57883,-51
57891,-48
57899,-50
57906,-54
57914,-62
57922,-67
57930,-69
57938,-66
57945,-67
57953,-66
57961,-64
57969,-63
57977,-64
57985,-66
57992,-62
58000,-58
58008,-55
58016,-54
58024,-56
58031,-54
58039,-48
58047,-42
58055,-50
58063,-68
58070,-75
58078,-58
58086,-26
58094,4
58102,25
58110,19
58117,-5
58125,-46
58133,-73
58141,-81
58149,-82
58156,-75
58164,-75
58172,-77
58180,-49
58188,-13
58195,-55
58203,-295
58211,-396
58219,461
58227,2088
58235,2869
58242,1648
58250,-634
58258,-2003
58266,-1768
58274,-935
58281,-557
58289,-547
58297,-433
58305,-277
58313,-198
58320,-137
58328,-97
58336,-72
58344,-47
58352,-28
58360,-16
58367,-4
58375,3
58383,14
58391,29
58399,46
58406,60
58414,72
58422,90
58430,111
58438,126
58445,128
58453,110
58461,81
58469,43
58477,-18
58485,-111
58492,-219
58500,-304
58508,-344
58516,-340
58524,-317
58531,-285
58539,-241
58547,-196
58555,-162
58563,-127
58570,-101
58578,-83
58586,-73
58594,-65
58602,-56
58610,-50
58617,-47
58625,-48
58633,-50
58641,-53
58649,-51
58656,-51
58664,-54
58672,-59
58680,-58
58688,-58
58695,-62
58703,-67
58711,-70
58719,-66
58727,-63
58735,-65
58742,-64
58750,-65
58758,-62
58766,-60
58774,-58
58781,-56
58789,-56
58797,-54
58805,-55
58813,-59
58820,-57
58828,-52
58836,-43
58844,-42
58852,-50
58860,-55
58867,-49
58875,-43
58883,-46
58891,-61
58899,-65
58906,-45
58914,-12
58922,17
58930,22
58938,8
58945,-18
58953,-54
58961,-78
58969,-87
58977,-83
58985,-76
58992,-83
59000,-79
59008,-39
59016,-10
59024,-114
59031,-389
59039,-244
59047,967
59055,2484
59063,2609
59070,854
59078,-1260
59086,-2025
59094,-1435
59102,-715
59110,-532
59117,-518
59125,-369
59133,-244
59141,-175
59149,-119
59156,-81
59164,-54
59172,-38
59180,-31
59188,-20
59195,-5
59203,7
59211,17
59219,29
59227,44
59235,61
59242,77
59250,92
59258,109
59266,125
59274,125
59281,108
59289,78
59297,34
59305,-35
59313,-123
59320,-220
59328,-293
59336,-331
59344,-332
59352,-306
59360,-270
59367,-234
59375,-191
59383,-154
59391,-119
59399,-96
59406,-75
59414,-61
59422,-54
59430,-53
59438,-55
59445,-55
59453,-49
59461,-48
59469,-48
59477,-51
59485,-57
59492,-59
59500,-63
59508,-61
59516,-62
59524,-64
59531,-67
59539,-69
59547,-66
59555,-63
59563,-66
59570,-68
59578,-67
59586,-61
59594,-58
59602,-59
59610,-56
59617,-55
59625,-55
59633,-57
59641,-56
59649,-49
59656,-45
59664,-50
59672,-55
59680,-53
59688,-48
59695,-46
59703,-48
59711,-52
59719,-53
59727,-51
59735,-47
59742,-50
59750,-58
59758,-62
59766,-55
59774,-36
59781,-12
59789,9
59797,20
59805,8
59813,-29
59820,-69
59828,-86
59836,-87
59844,-79
59852,-75
59860,-83
59867,-70
59875,-24
59883,-22
59891,-195
59899,-428
59906,45
59914,1512
59922,2712
59930,2142
59938,55
59945,-1706
59953,-1908
59961,-1134
59969,-581
59977,-522
59985,-468
59992,-317
60000,-222
60008,-158
60016,-110
60024,-79
60031,-49
60039,-27
60047,-16
60055,-11
60063,-5
60070,8
60078,22
60086,37
60094,47
60102,64
60110,81
60117,101
60125,110
60133,112
60141,105
60149,91
60156,65
60164,19
60172,-50
60180,-147
60188,-244
60195,-308
60203,-331
60211,-323
60219,-293
60227,-256
60235,-219
60242,-180
60250,-146
60258,-114
60266,-93
60274,-79
60281,-69
60289,-59
60297,-52
60305,-45
60313,-40
60320,-42
60328,-48
60336,-49
60344,-49
60352,-52
60360,-56
60367,-62
60375,-59
60383,-61
60391,-65
60399,-71
60406,-74
60414,-75
60422,-72
60430,-71
60438,-69
60445,-67
60453,-62
60461,-57
60469,-51
60477,-55
60485,-58
60492,-60
60500,-55
60508,-52
60516,-53
60524,-55
60531,-54
60539,-52
60547,-50
60555,-54
60563,-62
60570,-61
60578,-45
60586,-21
60594,-9
60602,1
60610,7
60617,1
60625,-29
60633,-67
60641,-91
60649,-91
60656,-76
60664,-66
60672,-71
60680,-60
60688,-16
60695,-12
60703,-179
60711,-393
60719,84
60727,1486
60735,2592
60742,1992
60750,-29
60758,-1685
60766,-1835
60774,-1066
60781,-539
60789,-478
60797,-423
60805,-287
60813,-209
60820,-152
60828,-100
60836,-61
60844,-34
60852,-23
60860,-16
60867,-4
60875,9
60883,17
60891,35
60899,52
60906,63
60914,74
60922,101
60930,134
60938,151
60945,149
60953,130
60961,106
60969,61
60977,-8
60985,-99
60992,-199
61000,-297
61008,-363
61016,-374
61024,-350
61031,-317
61039,-278
61047,-237
61055,-187
61063,-146
61070,-122
61078,-102
61086,-82
61094,-62
61102,-47
61110,-39
61117,-41
61125,-40
61133,-38
61141,-33
61149,-40
61156,-47
61164,-51
61172,-56
61180,-66
61188,-74
61195,-72
61203,-67
61211,-68
61219,-69
61227,-74
61235,-72
61242,-68
61250,-65
61258,-62
61266,-65
61274,-66
61281,-60
61289,-59
61297,-71
61305,-72
61313,-50
61320,-13
61328,7
61336,11
61344,-7
61352,-37
61360,-67
61367,-90
61375,-99
61383,-85
61391,-72
61399,-76
61406,-67
61414,-20
61422,0
61430,-160
61438,-408
61445,13
61453,1447
61461,2693
61469,2204
61477,131
61485,-1693
61492,-1965
61500,-1190
61508,-589
61516,-490
61524,-440
61531,-299
61539,-207
61547,-146
61555,-97
61563,-67
61570,-41
61578,-22
61586,-15
61594,-4
61602,7
61610,22
61617,39
61625,52
61633,63
61641,79
61649,105
61656,136
61664,152
61672,145
61680,125
61688,96
61695,51
61703,-26
61711,-128
61719,-240
61727,-330
61735,-377
61742,-375
61750,-341
61758,-293
61766,-245
61774,-204
61781,-166
61789,-135
61797,-111
61805,-92
61813,-77
61820,-62
61828,-46
61836,-31
61844,-27
61852,-31
61860,-39
61867,-38
61875,-33
61883,-36
61891,-42
61899,-48
61906,-57
61914,-64
61922,-65
61930,-66
61938,-67
61945,-72
61953,-76
61961,-74
61969,-70
61977,-65
61985,-62
61992,-59
62000,-61
62008,-60
62016,-59
62024,-64
62031,-74
62039,-68
62047,-46
62055,-19
62063,0
62070,9
62078,5
62086,-20
62094,-55
62102,-80
62110,-89
62117,-81
62125,-69
62133,-78
62141,-73
62149,-30
62156,-6
62164,-125
62172,-416
62180,-216
62188,1099
62195,2625
62203,2614
62211,712
62219,-1418
62227,-2085
62235,-1417
62242,-694
62250,-530
62258,-508
62266,-357
62274,-243
62281,-178
62289,-122
62297,-87
62305,-60
62313,-43
62320,-33
62328,-18
62336,-6
62344,2
62352,12
62360,27
62367,44
62375,64
62383,81
62391,102
62399,119
62406,130
62414,124
62422,105
62430,76
62438,25
62445,-55
62453,-157
62461,-255
62469,-317
62477,-335
62485,-319
62492,-294
62500,-259
62508,-218
62516,-174
62524,-140
62531,-116
62539,-98
62547,-82
62555,-70
62563,-55
62570,-52
62578,-49
62586,-46
62594,-41
62602,-38
62610,-41
62617,-46
62625,-50
62633,-51
62641,-52
62649,-57
62656,-62
62664,-62
62672,-64
62680,-67
62688,-67
62695,-64
62703,-61
62711,-60
62719,-60
62727,-58
62735,-59
62742,-67
62750,-77
62758,-74
62766,-52
62774,-12
62781,19
62789,21
62797,-1
62805,-31
62813,-65
62820,-78
62828,-83
62836,-76
62844,-73
62852,-84
62860,-69
62867,-21
62875,-17
62883,-193
62891,-440
62899,32
62906,1565
62914,2873
62922,2333
62930,147
62938,-1760
62945,-2031
62953,-1227
62961,-632
62969,-558
62977,-497
62985,-332
62992,-230
63000,-160
63008,-106
63016,-74
63024,-51
63031,-35
63039,-21
63047,-10
63055,-1
63063,11
63070,26
63078,43
63086,52
63094,69
63102,88
63110,108
63117,123
63125,125
63133,113
63141,92
63149,50
63156,-10
63164,-93
63172,-195
63180,-287
63188,-341
63195,-344
63203,-323
63211,-283
63219,-243
63227,-204
63235,-166
63242,-134
63250,-107
63258,-87
63266,-73
63274,-62
63281,-59
63289,-53
63297,-48
63305,-38
63313,-40
63320,-42
63328,-50
63336,-52
63344,-47
63352,-42
63360,-44
63367,-53
63375,-59
63383,-62
63391,-65
63399,-67
63406,-69
63414,-65
63422,-70
63430,-82
63438,-89
63445,-66
63453,-19
63461,20
63469,24
63477,-2
63485,-36
63492,-61
63500,-77
63508,-84
63516,-76
63524,-66
63531,-74
63539,-59
63547,-19
63555,-15
63563,-192
63570,-452
63578,2
63586,1520
63594,2832
63602,2319
63610,159
63617,-1728
63625,-2002
63633,-1209
63641,-619
63649,-543
63656,-481
63664,-322
63672,-226
63680,-159
63688,-106
63695,-75
63703,-51
63711,-32
63719,-17
63727,-5
63735,4
63742,12
63750,23
63758,38
63766,52
63774,73
63781,93
63789,112
63797,123
63805,124
63813,111
63820,84
63828,38
63836,-34
63844,-127
63852,-224
63860,-300
63867,-341
63875,-342
63883,-320
63891,-280
63899,-236
63906,-195
63914,-159
63922,-128
63930,-101
63938,-87
63945,-76
63953,-64
63961,-50
63969,-47
63977,-45
63985,-42
63992,-41
64000,-42
64008,-43
64016,-47
64024,-48
64031,-52
64039,-59
64047,-66
64055,-64
64063,-61
64070,-63
64078,-79
64086,-91
64094,-79
64102,-41
64110,1
64117,20
64125,11
64133,-20
64141,-57
64149,-80
64156,-88
64164,-87
64172,-78
64180,-82
64188,-78
64195,-37
64203,-1
64211,-81
64219,-366
64227,-340
64235,763
64242,2381
64250,2767
64258,1166
64266,-1071
64274,-2054
64281,-1555
64289,-770
64297,-524
64305,-514
64313,-375
64320,-244
64328,-181
64336,-126
64344,-82
64352,-52
64360,-36
64367,-28
64375,-11
64383,10
64391,29
64399,37
64406,50
64414,72
64422,97
64430,111
64438,114
64445,121
64453,131
64461,131
64469,116
64477,69
64485,-3
64492,-103
64500,-212
64508,-305
64516,-357
64524,-364
64531,-338
64539,-301
64547,-257
64555,-217
64563,-175
64570,-140
64578,-109
64586,-84
64594,-65
64602,-52
64610,-47
64617,-42
64625,-32
64633,-24
64641,-27
64649,-42
64656,-53
64664,-55
64672,-50
64680,-42
64688,-53
64695,-72
64703,-89
64711,-72
64719,-31
64727,8
64735,16
64742,-5
64750,-43
64758,-73
64766,-84
64774,-84
64781,-85
64789,-80
64797,-77
64805,-82
64813,-55
64820,-9
64828,-24
64836,-242
64844,-382
64852,358
64860,1926
64867,2794
64875,1730
64883,-493
64891,-1943
64899,-1796
64906,-960
64914,-522
64922,-488
64930,-399
64938,-263
64945,-193
64953,-130
64961,-86
64969,-60
64977,-25
64985,-1
64992,8
65000,8
65008,11
65016,26
65024,48
65031,69
65039,85
65047,110
65055,131
65063,139
65070,130
65078,112
65086,91
65094,56
65102,-8
65110,-114
65117,-227
65125,-311
65133,-355
65141,-354
65149,-332
65156,-287
65164,-242
65172,-206
65180,-171
65188,-137
65195,-109
65203,-85
65211,-66
65219,-48
65227,-34
65235,-31
65242,-35
65250,-35
65258,-31
65266,-34
65274,-39
65281,-50
65289,-57
65297,-56
65305,-56
65313,-63
65320,-70
65328,-77
65336,-85
65344,-87
65352,-68
65360,-27
65367,4
65375,8
65383,-18
65391,-57
65399,-81
65406,-87
65414,-86
65422,-75
65430,-65
65438,-73
65445,-57
65453,-16
65461,-23
65469,-230
65477,-438
65485,185
65492,1767
65500,2840
65508,1984
65516,-248
65524,-1883
65531,-1883
65539,-1046
65547,-556
65555,-521
65563,-447
65570,-294
65578,-209
65586,-143
65594,-96
65602,-69
65610,-48
65617,-34
65625,-26
65633,-10
65641,1
65649,9
65656,20
65664,37
65672,63
65680,92
65688,109
65695,122
65703,120
65711,111
65719,99
65727,76
65735,29
65742,-58
65750,-165
65758,-259
65766,-313
65774,-323
65781,-304
65789,-274
65797,-241
65805,-199
65813,-162
65820,-127
65828,-101
65836,-76
65844,-63
65852,-55
65860,-51
65867,-47
65875,-40
65883,-35
65891,-38
65899,-43
65906,-48
65914,-51
65922,-55
65930,-57
65938,-59
65945,-61
65953,-66
65961,-67
65969,-68
65977,-64
65985,-63
65992,-66
66000,-73
66008,-77
66016,-83
66024,-83
66031,-69
66039,-42
66047,-7
66055,16
66063,17
66070,-11
66078,-47
66086,-73
66094,-83
66102,-80
66110,-70
66117,-74
66125,-69
66133,-37
66141,-8
66149,-90
66156,-375
66164,-355
66172,756
66180,2426
66188,2876
66195,1274
66203,-1040
66211,-2115
66219,-1638
66227,-824
66235,-559
66242,-552
66250,-411
66258,-265
66266,-192
66274,-130
66281,-91
66289,-60
