Acc,-0.978699,9.674527,1.050487, 
Gyro,-2.240000,0.560000,1.330000, 
Magn,-56.013683,-35.571301,34.443172, 
Acc,-0.973914,9.660170,1.366351, 
Gyro,-2.940000,1.890000,-0.420000, 
Magn,-55.118309,-36.257504,34.175350, 
Acc,-0.890162,9.502238,1.246705, 
Gyro,-1.820000,0.560000,0.910000, 
Magn,-56.771557,-33.335014,33.442814, 
Acc,-0.945199,9.643419,1.416602, 
Gyro,-0.350000,-1.330000,0.630000, 
Magn,-56.664093,-33.871960,34.328209, 
Acc,-0.921270,9.492666,1.253884, 
Gyro,-0.490000,-0.630000,0.420000, 
Magn,-56.139988,-35.038322,32.996456, 
Acc,-0.892555,9.607526,1.299349, 
Gyro,0.000000,0.070000,0.840000, 
Magn,-54.536366,-36.091553,34.200871, 
Acc,-0.918877,9.585990,1.261063, 
Gyro,-0.560000,0.700000,0.280000, 
Magn,-56.239349,-35.819813,32.718403, 
Acc,-0.866233,9.590775,1.208419, 
Gyro,-0.350000,1.330000,0.420000, 
Magn,-57.813393,-33.440212,32.029282, 
Acc,-0.878197,9.602740,1.174918, 
Gyro,-1.190000,0.420000,0.350000, 
Magn,-55.535381,-35.907963,35.221409, 
Acc,-0.854268,9.607526,1.383101, 
Gyro,-0.980000,1.190000,-0.420000, 
Magn,-54.794140,-35.787251,33.835979, 
Acc,-0.885376,9.509417,1.050487, 
Gyro,-2.520000,-1.120000,0.630000, 
Magn,-54.016537,-36.979034,33.899879, 
Acc,-0.906912,9.617098,1.265848, 
Gyro,-4.410000,0.560000,0.000000, 
Magn,-55.220634,-35.439693,34.601376, 
Acc,-0.942806,9.597955,1.217990, 
Gyro,-2.240000,0.350000,0.210000, 
Magn,-56.212410,-37.134277,33.887070, 
Acc,-0.909305,9.607526,1.194061, 
Gyro,-3.080000,-0.770000,0.630000, 
Magn,-56.198601,-32.891174,34.358768, 
Acc,-0.906912,9.605133,1.239526, 
Gyro,-0.910000,1.610000,0.140000, 
Magn,-58.945602,-34.604790,29.447268, 
Acc,-0.930841,9.581204,1.148596, 
Gyro,0.280000,2.660000,0.210000, 
Magn,-55.928448,-34.792789,34.300236, 
Acc,-0.899733,9.593168,1.206026, 
Gyro,0.560000,3.640000,0.000000, 
Magn,-56.215370,-35.534977,34.591148, 
Acc,-0.890162,9.648206,1.134238, 
Gyro,-0.630000,3.780000,-0.070000, 
Magn,-56.079620,-35.585178,32.478554, 
Acc,-0.997843,9.566847,0.935627, 
Gyro,-0.700000,4.480000,0.420000, 
Magn,-56.366543,-36.327374,32.769466, 
Acc,-1.014593,9.655384,0.894948, 
Gyro,-3.360000,0.560000,1.260000, 
Magn,-56.259506,-37.144192,32.483768, 
Acc,-0.978699,9.657777,1.301742, 
Gyro,-4.620000,3.290000,-1.120000, 
Magn,-56.988693,-34.622082,33.496483, 
Acc,-0.969128,9.597955,1.273027, 
Gyro,-3.150000,-0.070000,0.980000, 
Magn,-55.230053,-35.441673,34.320717, 
Acc,-1.292170,9.734350,1.277813, 
Gyro,-7.840000,-9.310000,3.780000, 
Magn,-55.189842,-37.312916,33.568180, 
Acc,-0.940413,9.509417,1.340029, 
Gyro,-3.360000,-8.540000,3.430000, 
Magn,-55.472378,-33.813988,34.050133, 
Acc,-0.923663,9.576418,1.485996, 
Gyro,-2.170000,-8.330000,3.920000, 
Magn,-55.232231,-37.321838,32.305210, 
Acc,-0.763338,9.533346,1.325671, 
Gyro,0.630000,-7.770000,5.110000, 
Magn,-54.600983,-34.785015,31.909559, 
Acc,-0.617370,9.600348,1.545819, 
Gyro,0.070000,-9.380000,7.490000, 
Magn,-56.733963,-37.366287,29.503675, 
Acc,-1.072023,9.602740,1.868861, 
Gyro,-0.630000,-14.140000,8.470000, 
Magn,-55.053986,-32.843113,32.677383, 
Acc,-0.028715,9.375414,1.521890, 
Gyro,1.680000,-15.400000,8.260000, 
Magn,-51.617661,-35.539696,33.438026, 
Acc,0.205790,9.590775,1.313707, 
Gyro,-2.240000,-11.970000,8.470000, 
Magn,-50.737732,-37.549290,33.075897, 
Acc,-0.007179,9.650599,1.340029, 
Gyro,-4.060000,-5.740000,6.020000, 
Magn,-51.247684,-35.899155,30.988668, 
Acc,0.480975,9.552489,1.538640, 
Gyro,-3.080000,-2.940000,4.270000, 
Magn,-49.493752,-36.719738,31.672573, 
Acc,0.681979,9.643419,1.526675, 
Gyro,1.260000,-1.330000,-2.310000, 
Magn,-50.594631,-34.957668,30.450256, 
Acc,0.705908,9.511809,1.464460, 
Gyro,5.600000,6.720000,-9.940000, 
Magn,-48.500332,-37.944870,32.009487, 
Acc,0.339793,10.038249,1.383101, 
Gyro,-1.820000,18.830000,-11.480000, 
Magn,-49.568676,-36.455723,30.598387, 
Acc,-0.241684,9.466345,1.485996, 
Gyro,-1.750000,24.780001,-4.340000, 
Magn,-51.272121,-36.944656,31.784801, 
Acc,-0.141182,9.655384,1.452495, 
Gyro,-1.190000,21.910000,-5.950000, 
Magn,-52.715149,-35.097046,32.682732, 
Acc,-0.122038,9.597955,1.060058, 
Gyro,-3.150000,26.040001,-6.580000, 
Magn,-52.209023,-35.707626,33.131847, 
Acc,-1.445316,9.396950,1.107916, 
Gyro,-7.630000,25.690001,-4.340000, 
Magn,-55.330276,-36.782909,31.700474, 
Acc,-1.270634,9.636241,1.462067, 
Gyro,-7.070000,23.170000,-6.790000, 
Magn,-56.394802,-36.333321,31.927486, 
Acc,-1.043308,9.495059,1.311314, 
Gyro,-2.800000,15.960000,-3.570000, 
Magn,-57.016949,-34.628029,32.654503, 
Acc,-2.127295,9.377807,1.404637, 
Gyro,0.000000,11.830000,-4.270000, 
Magn,-58.213379,-34.686993,32.792252, 
Acc,-1.734858,9.597955,1.615213, 
Gyro,-1.190000,10.710000,-5.180000, 
Magn,-57.245258,-37.517368,31.583105, 
Acc,-1.792288,9.380199,1.471638, 
Gyro,1.330000,4.270000,-2.240000, 
Magn,-58.343098,-33.315384,34.718491, 
Acc,-1.919112,9.356271,1.213204, 
Gyro,4.760000,-7.280000,1.330000, 
Magn,-60.023853,-34.359097,34.264362, 
Acc,-1.651107,9.650599,1.019379, 
Gyro,1.260000,-17.850000,1.820000, 
Magn,-57.421219,-35.595928,34.448238, 
Acc,-0.713087,9.782208,1.143810, 
Gyro,4.130000,-10.080000,0.140000, 
Magn,-58.843739,-36.183270,31.690119, 
Acc,-0.397223,9.645813,1.452495, 
Gyro,-0.280000,-0.070000,-1.960000, 
Magn,-55.556400,-37.792088,32.644585, 
Acc,-0.612584,9.669742,1.316099, 
Gyro,-3.640000,5.880000,-0.490000, 
Magn,-59.765190,-33.622856,33.131470, 
Acc,-0.674800,9.605133,1.596070, 
Gyro,-2.940000,1.960000,1.120000, 
Magn,-58.722897,-32.756989,31.876116, 
Acc,-0.813589,9.463951,1.476424, 
Gyro,-1.680000,-2.730000,5.810000, 
Magn,-57.865337,-38.451916,33.103828, 
Acc,-0.804017,9.719993,1.445316, 
Gyro,-1.680000,-3.920000,5.880000, 
Magn,-57.949253,-37.910015,32.920078, 
Acc,-0.504904,9.746315,1.497960, 
Gyro,0.770000,0.000000,2.940000, 
Magn,-57.252064,-35.359314,34.489048, 
Acc,-0.667621,9.710421,1.584105, 
Gyro,4.410000,5.670000,2.660000, 
Magn,-57.154881,-36.457989,32.751595, 
Acc,-1.134238,9.487881,1.433352, 
Gyro,6.860000,2.940000,4.410000, 
Magn,-56.301037,-36.593369,33.562992, 
Acc,-1.062451,9.545310,1.060058, 
Gyro,5.320000,0.420000,3.710000, 
Magn,-56.940273,-33.291752,34.573097, 
Acc,-1.100738,9.404129,0.612584, 
Gyro,-0.140000,-0.560000,3.990000, 
Magn,-58.071625,-33.896584,34.333271, 
Acc,-0.897341,9.669742,0.540797, 
Gyro,-1.750000,-3.500000,0.350000, 
Magn,-57.446407,-32.681171,34.123978, 
Acc,-0.744194,9.791780,1.076809, 
Gyro,-2.170000,3.920000,-3.570000, 
Magn,-57.873756,-32.893356,32.547184, 
Acc,-0.734623,9.571632,1.229955, 
Gyro,-2.520000,2.520000,-1.960000, 
Magn,-55.482689,-34.856510,35.267254, 
Acc,-0.873411,9.624276,1.158167, 
Gyro,-3.220000,-1.400000,-0.210000, 
Magn,-56.583138,-32.814568,35.216038, 
Acc,-0.818375,9.530953,1.098345, 
Gyro,0.420000,-3.780000,0.770000, 
Magn,-57.272549,-32.443569,34.305119, 
Acc,-0.737016,9.660170,1.153382, 
Gyro,0.490000,-1.540000,2.030000, 
Magn,-56.441925,-36.824032,34.364162, 
Acc,-0.646085,9.626669,1.167739, 
Gyro,-1.330000,1.960000,-0.210000, 
Magn,-54.268742,-36.113998,36.017513, 
Acc,-0.751373,9.660170,1.105524, 
Gyro,-2.380000,3.080000,-0.350000, 
Magn,-57.238365,-35.636215,33.738941, 
Acc,-0.849482,9.530953,1.234741, 
Gyro,-0.560000,2.030000,0.420000, 
Magn,-55.647556,-35.372005,34.195675, 
Acc,-0.641299,9.621883,1.241919, 
Gyro,1.470000,3.080000,0.700000, 
Magn,-56.630695,-33.585148,36.481617, 
Acc,-0.619763,9.554882,1.079202, 
Gyro,0.070000,0.350000,1.050000, 
Magn,-58.427017,-32.773483,34.534744, 
Acc,-0.851875,9.652991,1.115095, 
Gyro,-7.140000,2.380000,-0.210000, 
Magn,-57.382648,-34.547451,34.073093, 
Acc,-0.894948,9.523774,1.136631, 
Gyro,-7.910000,1.680000,-0.140000, 
Magn,-55.933159,-34.793781,34.159904, 
Acc,-0.832732,9.574025,1.083987, 
Gyro,-7.560000,2.100000,-3.990000, 
Magn,-57.956036,-35.271164,31.986046, 
Acc,-1.091166,9.420879,1.210811, 
Gyro,-4.830000,5.600000,-6.930000, 
Magn,-58.584644,-35.167152,31.728319, 
Acc,-1.323278,9.528560,1.301742, 
Gyro,-5.600000,10.430000,-13.020000, 
Magn,-56.368748,-38.688328,34.593937, 
Acc,-0.933234,9.853995,1.739644, 
Gyro,-5.740000,-0.560000,-9.590000, 
Magn,-57.303444,-35.090347,34.116512, 
Acc,-1.112702,9.325163,1.888005, 
Gyro,-4.200000,-5.320000,-0.280000, 
Magn,-59.181606,-36.376621,32.779598, 
Acc,-1.019379,9.693670,1.555390, 
Gyro,1.120000,-2.940000,1.610000, 
Magn,-59.726303,-36.814510,32.705624, 
Acc,-0.952377,9.688885,1.691786, 
Gyro,2.170000,-6.300000,4.970000, 
Magn,-58.085754,-33.899559,33.912281, 
Acc,-1.033736,9.483095,1.562569, 
Gyro,-2.170000,-10.990000,10.290000, 
Magn,-59.437176,-33.711361,30.590237, 
Acc,-0.890162,9.772636,0.902126, 
Gyro,8.960000,-14.140000,9.450000, 
Magn,-57.553547,-36.384354,33.187874, 
Acc,-0.411580,9.748708,1.402244, 
Gyro,12.320000,-17.219999,8.330000, 
Magn,-54.786469,-37.385559,33.272232, 
Acc,-0.603013,9.645813,0.839911, 
Gyro,5.880000,-9.240000,4.340000, 
Magn,-53.595966,-34.127998,34.542645, 
Acc,-0.550369,9.731957,0.753766, 
Gyro,1.960000,-6.090000,2.800000, 
Magn,-54.374886,-34.256634,34.805428, 
Acc,-0.478582,9.509417,0.612584, 
Gyro,-3.150000,-0.630000,3.360000, 
Magn,-54.904564,-33.651009,33.654659, 
Acc,-0.851875,9.437630,0.519261, 
Gyro,-2.940000,7.630000,1.960000, 
Magn,-55.351646,-34.907703,33.014328, 
Acc,-0.681979,9.729565,1.179704, 
Gyro,-12.740000,14.350000,-4.060000, 
Magn,-54.898212,-36.569733,33.417599, 
Acc,-1.048094,9.454380,1.605641, 
Gyro,-23.100000,16.240000,-9.800000, 
Magn,-52.719002,-34.538292,34.884594, 
Acc,-1.258670,9.308413,1.931077, 
Gyro,-20.510000,9.170000,-13.650000, 
Magn,-55.561005,-33.273079,33.726051, 
Acc,-1.124667,9.609919,2.053115, 
Gyro,-13.370000,3.220000,-7.980000, 
Magn,-56.586639,-36.015144,33.527218, 
Acc,-1.359172,9.545310,2.098580, 
Gyro,-9.800000,-2.380000,-0.700000, 
Magn,-56.775059,-36.535591,31.753992, 
Acc,-0.634121,9.583597,2.378551, 
Gyro,-0.770000,-7.490000,-0.420000, 
Magn,-57.034580,-37.831581,30.544693, 
Acc,-0.612584,9.377807,2.091402, 
Gyro,5.880000,-7.210000,3.850000, 
Magn,-58.102493,-36.062569,30.304691, 
Acc,-0.959556,9.490273,2.010043, 
Gyro,6.580000,-7.210000,5.040000, 
Magn,-55.411232,-37.840305,30.812645, 
Acc,-0.732230,9.475916,1.730072, 
Gyro,4.830000,-7.140000,3.640000, 
Magn,-58.257057,-35.535534,28.015993, 
Acc,-0.746587,9.554882,1.581712, 
Gyro,3.990000,-2.310000,2.170000, 
Magn,-56.572483,-35.531368,30.108236, 
Acc,-0.550369,9.574025,1.411816, 
Gyro,3.150000,3.570000,1.260000, 
Magn,-53.765545,-34.644482,33.330734, 
Acc,-0.825553,9.480701,1.244312, 
Gyro,2.310000,7.910000,2.730000, 
Magn,-55.517834,-36.743614,32.269436, 
Acc,-1.311314,9.621883,1.383101, 
Gyro,-2.800000,13.930000,-0.070000, 
Magn,-56.697922,-34.438644,31.003706, 
Acc,-1.225169,9.523774,1.517104, 
Gyro,-0.280000,11.690000,-1.960000, 
Magn,-54.840809,-35.517292,33.603775, 
Acc,-1.292170,9.652991,1.608034, 
Gyro,0.140000,6.650000,-3.500000, 
Magn,-54.935890,-36.577663,32.294956, 
Acc,-0.892555,9.523774,1.751609, 
Gyro,3.430000,5.110000,-6.370000, 
Magn,-56.242420,-38.740513,32.200680, 
Acc,-0.918877,9.590775,1.660678, 
Gyro,1.330000,2.310000,-3.710000, 
Magn,-56.244061,-35.820805,32.578072, 
Acc,-1.131845,9.552489,1.469246, 
Gyro,0.560000,-2.730000,-2.450000, 
Magn,-56.450027,-35.505596,33.756817, 
Acc,-0.693943,9.595561,1.450102, 
Gyro,3.570000,-5.740000,0.490000, 
Magn,-57.560009,-37.985634,32.203136, 
Acc,-0.655657,9.602740,1.139024, 
Gyro,2.940000,-2.380000,3.220000, 
Magn,-56.283836,-33.669689,34.501705, 
Acc,-0.792053,9.763065,1.227562, 
Gyro,4.060000,-3.850000,2.800000, 
Magn,-57.237934,-35.356339,34.910038, 
Acc,-0.789660,9.638634,1.172525, 
Gyro,4.900000,1.540000,4.410000, 
Magn,-55.875862,-38.261341,33.124283, 
Acc,-0.378079,9.729565,1.148596, 
Gyro,4.270000,2.870000,5.040000, 
Magn,-55.411583,-34.080975,34.703323, 
Acc,-1.143810,9.459166,1.055272, 
Gyro,0.070000,5.320000,3.360000, 
Magn,-55.599136,-34.041676,35.272293, 
Acc,-1.399851,9.526167,1.019379, 
Gyro,-1.610000,5.530000,2.100000, 
Magn,-56.017963,-35.292419,35.473942, 
Acc,-1.016986,9.507024,0.882983, 
Gyro,-1.890000,3.710000,3.080000, 
Magn,-54.916191,-36.013950,35.198471, 
Acc,-1.184489,9.497452,1.184489, 
Gyro,3.850000,-1.120000,2.310000, 
Magn,-56.586639,-36.015144,33.527218, 
Acc,-1.021772,9.643419,1.002628, 
Gyro,1.470000,0.420000,-2.870000, 
Magn,-53.427704,-34.931931,36.081234, 
Acc,-0.770516,9.791780,0.993057, 
Gyro,-0.770000,3.500000,-3.150000, 
Magn,-55.814526,-33.728455,36.170376, 
Acc,-0.873411,9.676920,1.083987, 
Gyro,-0.910000,1.820000,-1.540000, 
Magn,-55.369194,-34.072052,35.966297, 
Acc,-0.363722,9.717600,0.942806, 
Gyro,-0.630000,1.190000,-0.980000, 
Magn,-59.106113,-31.359959,32.406704, 
Acc,-0.581477,9.652991,1.031343, 
Gyro,-2.520000,0.560000,1.190000, 
Magn,-55.893734,-33.185562,36.126957, 
Acc,-0.918877,9.724778,0.863840, 
Gyro,-4.620000,-0.980000,0.980000, 
Magn,-55.661255,-35.095104,34.945786, 
Acc,-0.983485,9.578811,0.897341, 
Gyro,-2.520000,0.210000,0.140000, 
Magn,-56.431187,-35.501629,34.318138, 
Acc,-0.861447,9.619491,1.021772, 
Gyro,-0.420000,0.910000,0.490000, 
Magn,-56.024422,-36.893703,34.489201, 
Acc,-0.890162,9.629062,1.012200, 
Gyro,-0.980000,1.400000,0.350000, 
Magn,-56.547211,-34.406921,35.494270, 
Acc,-0.935627,9.681706,1.012200, 
Gyro,-0.910000,1.890000,0.000000, 
Magn,-54.925613,-36.015934,34.917809, 
Acc,-0.813589,9.557275,1.182097, 
Gyro,0.910000,0.700000,0.070000, 
Magn,-58.661671,-32.744099,33.700405, 
Acc,-0.878197,9.715207,0.971521, 
Gyro,1.960000,1.330000,0.070000, 
Magn,-57.896126,-36.578693,34.137020, 
Acc,-0.770516,9.688885,1.040915, 
Gyro,0.140000,1.470000,-0.210000, 
Magn,-57.522652,-33.737576,33.376480, 
Acc,-0.851875,9.648206,1.007414, 
Gyro,-2.170000,1.330000,0.420000, 
Magn,-55.962307,-35.840275,34.815708, 
Acc,-0.875804,9.593168,1.098345, 
Gyro,-3.290000,0.770000,0.140000, 
Magn,-56.440609,-35.503613,34.037476, 
Acc,-1.057665,9.329948,1.301742, 
Gyro,3.430000,-4.550000,2.870000, 
Magn,-57.055088,-35.396629,34.200741, 
Acc,-0.710694,9.633848,0.930841, 
Gyro,3.290000,-2.800000,1.680000, 
Magn,-57.952534,-32.070587,33.674862, 
Acc,-0.696336,9.686492,0.880590, 
Gyro,-0.980000,0.910000,0.070000, 
Magn,-57.573166,-32.908859,35.346138, 
Acc,-0.856661,9.631455,0.985878, 
Gyro,-5.110000,4.830000,-0.840000, 
Magn,-53.460243,-34.658997,36.270020, 
Acc,-0.887769,9.717600,0.777695, 
Gyro,6.020000,-0.630000,3.920000, 
Magn,-54.738052,-36.055229,34.348843, 
Acc,-0.777695,9.681706,0.636514, 
Gyro,2.940000,0.770000,2.100000, 
Magn,-56.785255,-33.058117,34.192917, 
Acc,-0.868626,9.629062,0.524047, 
Gyro,-3.500000,1.190000,0.490000, 
Magn,-55.521576,-31.664852,35.693100, 
Acc,-0.813589,9.705635,1.002628, 
Gyro,-4.410000,2.800000,-0.910000, 
Magn,-57.261055,-35.081425,35.379482, 
Acc,-0.753766,9.564454,0.890162, 
Gyro,-3.360000,1.470000,0.280000, 
Magn,-56.500546,-34.676880,35.726475, 
Acc,-0.806410,9.686492,0.957163, 
Gyro,-1.330000,-0.280000,0.630000, 
Magn,-55.446758,-36.448872,35.545486, 
Acc,-0.801624,9.624276,0.918877, 
Gyro,-0.350000,0.630000,0.700000, 
Magn,-55.473267,-34.854530,35.547916, 
Acc,-0.765731,9.607526,0.866233, 
Gyro,-0.700000,0.770000,0.770000, 
Magn,-56.431187,-35.501629,34.318138, 
Acc,-0.792053,9.691278,0.854268, 
Gyro,-0.840000,0.700000,0.560000, 
Magn,-56.971066,-31.418530,35.606293, 
Acc,-0.784874,9.641026,0.878197, 
Gyro,-0.070000,1.400000,0.700000, 
Magn,-58.099884,-33.902531,33.491291, 
Acc,-0.739409,9.691278,1.019379, 
Gyro,1.400000,0.630000,0.420000, 
Magn,-54.113720,-35.880356,35.637333, 
Acc,-0.787267,9.739136,0.825553, 
Gyro,0.350000,0.630000,-0.350000, 
Magn,-55.648335,-31.892546,36.915260, 
Acc,-0.665228,9.650599,0.818375, 
Gyro,-2.030000,1.190000,-0.420000, 
Magn,-55.152164,-37.304985,34.690823, 
Acc,-0.815982,9.629062,0.856661, 
Gyro,-2.940000,0.910000,-0.070000, 
Magn,-56.531761,-33.083534,35.588570, 
Acc,-0.794446,9.650599,0.945199, 
Gyro,-3.220000,0.280000,0.000000, 
Magn,-56.819542,-34.385468,33.537296, 
Acc,-0.717872,9.657777,0.976306, 
Gyro,-1.610000,-0.350000,0.210000, 
Magn,-54.619850,-35.269775,35.188217, 
Acc,-0.782481,9.650599,0.926055, 
Gyro,-0.700000,-0.140000,-0.070000, 
Magn,-56.157963,-34.482540,34.777328, 
Acc,-0.768124,9.619491,0.894948, 
Gyro,-1.190000,0.630000,-0.210000, 
Magn,-57.305515,-32.450508,33.322811, 
Acc,-0.782481,9.669742,0.928448, 
Gyro,-1.330000,1.750000,-0.420000, 
Magn,-55.383324,-34.075024,35.545303, 
Acc,-0.808803,9.652991,0.894948, 
Gyro,-0.490000,1.050000,-0.070000, 
Magn,-54.906342,-35.732094,36.650230, 
Acc,-0.906912,9.571632,0.830339, 
Gyro,-1.050000,2.800000,0.070000, 
Magn,-57.455395,-32.403282,35.014416, 
Acc,-0.878197,9.686492,0.658050, 
Gyro,-2.730000,0.560000,0.630000, 
Magn,-56.631123,-33.865021,35.310520, 
Acc,-0.875804,9.674527,1.057665, 
Gyro,-3.850000,2.240000,-0.630000, 
Magn,-56.204205,-33.932709,35.716221, 
Acc,-0.727444,9.617098,0.918877, 
Gyro,-2.590000,1.260000,0.630000, 
Magn,-55.036491,-34.640358,37.405369, 
Acc,-0.787267,9.648206,0.959556, 
Gyro,-1.330000,-0.070000,0.490000, 
Magn,-57.682381,-33.972202,33.616329, 
Acc,-0.880590,9.621883,0.892555, 
Gyro,-0.420000,-0.140000,0.700000, 
Magn,-54.883224,-36.007011,36.180782, 
Acc,-0.804017,9.664956,0.906912, 
Gyro,0.980000,-3.430000,2.520000, 
Magn,-56.101879,-34.750519,35.290192, 
Acc,-0.780088,9.643419,0.842304, 
Gyro,1.540000,-5.460000,2.030000, 
Magn,-54.500328,-33.163910,35.700901, 
Acc,-0.777695,9.600348,0.854268, 
Gyro,3.990000,-7.000000,4.340000, 
Magn,-56.274097,-37.907833,34.731663, 
Acc,-0.619763,9.729565,0.763338, 
Gyro,5.670000,-8.260000,4.550000, 
Magn,-56.611828,-33.100388,33.202961, 
Acc,-0.591048,9.786994,0.662836, 
Gyro,8.120000,-9.240000,4.760000, 
Magn,-53.245316,-35.732887,38.040817, 
Acc,-0.449867,9.669742,0.555155, 
Gyro,6.370000,-6.510000,4.200000, 
Magn,-53.266224,-33.097015,36.685795, 
Acc,-0.552762,9.614705,0.457045, 
Gyro,3.850000,-3.080000,2.660000, 
Magn,-52.572536,-33.746891,36.565945, 
Acc,-0.459438,9.643419,0.380472, 
Gyro,2.520000,0.070000,1.260000, 
Magn,-53.040100,-32.087837,35.741684, 
Acc,-0.445081,9.770244,0.205790, 
Gyro,1.330000,-0.840000,0.770000, 
Magn,-53.069248,-33.134327,36.397488, 
Acc,-0.392437,9.731957,0.301506, 
Gyro,0.280000,0.070000,0.210000, 
Magn,-53.782665,-33.528957,37.453800, 
Acc,-0.533619,9.574025,0.224933, 
Gyro,-1.540000,1.260000,0.000000, 
Magn,-53.891766,-30.072298,36.945793, 
Acc,-0.358936,9.767851,0.162718, 
Gyro,0.700000,2.660000,-0.770000, 
Magn,-51.915237,-33.565083,38.836746, 
Acc,-0.416366,9.753493,0.172289, 
Gyro,-2.100000,3.150000,-0.350000, 
Magn,-53.815201,-33.256023,37.642586, 
Acc,-0.490546,9.877925,-0.033501, 
Gyro,-6.580000,3.640000,-4.410000, 
Magn,-53.079556,-34.176853,37.614609, 
Acc,-0.301506,9.507024,0.174682, 
Gyro,-9.380000,1.470000,-2.590000, 
Magn,-55.387600,-33.796143,36.576073, 
Acc,-0.564726,9.657777,0.145967, 
Gyro,-15.820000,3.990000,-0.070000, 
Magn,-53.103104,-34.181808,36.912960, 
Acc,-0.674800,9.794173,1.019379, 
Gyro,-13.580000,1.050000,1.330000, 
Magn,-54.472069,-33.157963,36.542881, 
Acc,-0.480975,9.779816,1.086380, 
Gyro,-8.820000,-3.080000,1.050000, 
Magn,-51.766678,-34.932724,37.471825, 
Acc,-0.466617,9.669742,0.993057, 
Gyro,-6.720000,-3.360000,0.490000, 
Magn,-54.490021,-32.121380,34.483780, 
Acc,-0.514475,9.617098,1.033736, 
Gyro,-6.300000,-3.080000,-0.140000, 
Magn,-52.298534,-36.207260,34.305553, 
Acc,-0.504904,9.523774,1.167739, 
Gyro,-6.440000,-2.520000,0.630000, 
Magn,-51.360771,-36.884541,35.300701, 
Acc,-0.497725,9.526167,1.115095, 
Gyro,-4.760000,-0.420000,0.420000, 
Magn,-52.288685,-35.925404,35.757309, 
Acc,-0.502511,9.600348,1.086380, 
Gyro,-4.340000,0.280000,0.350000, 
Magn,-53.656761,-33.861015,33.889446, 
Acc,-0.502511,9.676920,1.399851, 
Gyro,-1.750000,1.260000,-0.070000, 
Magn,-53.031651,-37.165604,32.458351, 
Acc,-0.514475,9.581204,1.277813, 
Gyro,0.210000,1.330000,0.560000, 
Magn,-52.742977,-34.823120,33.011845, 
Acc,-0.476189,9.664956,1.284992, 
Gyro,1.610000,1.400000,1.120000, 
Magn,-51.677593,-34.712967,35.127026, 
Acc,-0.519261,9.624276,1.153382, 
Gyro,4.340000,1.610000,0.630000, 
Magn,-52.248798,-33.556519,35.055481, 
Acc,-0.449867,9.686492,1.069630, 
Gyro,5.250000,2.380000,0.840000, 
Magn,-51.212105,-33.732182,35.157581, 
Acc,-0.480975,9.660170,0.928448, 
Gyro,6.580000,2.870000,0.630000, 
Magn,-52.528374,-31.656883,34.833347, 
Acc,-0.564726,9.451987,0.751373, 
Gyro,6.930000,6.230000,0.280000, 
Magn,-52.231709,-35.152840,34.772388, 
Acc,-0.399616,9.684099,0.789660, 
Gyro,12.950000,4.900000,-0.700000, 
Magn,-53.847282,-32.222420,35.162491, 
Acc,-0.516868,9.358664,0.263220, 
Gyro,10.010000,5.950000,-0.630000, 
Magn,-51.906681,-34.122845,36.775211, 
Acc,-0.512082,9.880318,0.454653, 
Gyro,3.360000,10.780000,-2.590000, 
Magn,-55.150742,-31.464563,35.585934, 
Acc,-0.533619,9.681706,0.244077, 
Gyro,1.890000,13.300000,-4.830000, 
Magn,-52.365280,-33.222477,38.900494, 
Acc,-0.552762,9.538132,-0.086145, 
Gyro,-5.320000,9.030000,-2.240000, 
Magn,-54.133339,-32.404861,37.795597, 
Acc,-0.650871,9.722385,0.177075, 
Gyro,-3.220000,7.420000,-2.170000, 
Magn,-57.253277,-32.159729,36.037537, 
Acc,-0.643692,9.691278,0.181861, 
Gyro,-4.830000,5.390000,-1.260000, 
Magn,-54.765018,-35.221558,37.020153, 
Acc,-0.815982,9.741529,0.397223, 
Gyro,-8.120000,4.970000,-2.100000, 
Magn,-56.023453,-31.813951,38.053192, 
Acc,-0.758552,9.715207,0.610192, 
Gyro,-12.670000,4.130000,-2.730000, 
Magn,-56.846512,-33.551800,36.208603, 
Acc,-0.497725,9.566847,0.806410, 
Gyro,-15.540000,6.860000,-3.150000, 
Magn,-56.737728,-32.768330,36.767311, 
Acc,-0.763338,9.533346,1.033736, 
Gyro,-15.890000,1.960000,-2.170000, 
Magn,-54.123138,-35.882339,35.356674, 
Acc,-1.031343,9.703242,1.409423, 
Gyro,-19.250000,3.290000,-3.010000, 
Magn,-56.609756,-35.740227,33.996666, 
Acc,-0.964342,9.461558,1.490782, 
Gyro,-16.240000,2.240000,-3.010000, 
Magn,-56.458126,-34.187164,33.149467, 
Acc,-0.964342,9.408915,1.821003, 
Gyro,-10.990000,-1.260000,-2.450000, 
Magn,-57.630222,-37.720631,31.269281, 
Acc,-0.964342,9.597955,1.986114, 
Gyro,-7.490000,1.400000,-2.310000, 
Magn,-56.562630,-35.249516,31.559990, 
Acc,-1.086380,9.490273,2.022007, 
Gyro,-3.710000,1.470000,-0.420000, 
Magn,-57.085957,-37.562611,30.172161, 
Acc,-1.007414,9.514202,1.842539, 
Gyro,0.070000,1.330000,0.000000, 
Magn,-55.003929,-34.432495,33.376610, 
Acc,-0.978699,9.451987,1.658285, 
Gyro,1.750000,1.260000,0.490000, 
Magn,-56.874420,-37.317078,31.475943, 
Acc,-0.990664,9.633848,1.557783, 
Gyro,1.890000,1.610000,1.050000, 
Magn,-58.842419,-34.862854,31.363432, 
Acc,-1.052880,9.595561,1.667857, 
Gyro,0.980000,-0.490000,1.260000, 
Magn,-55.910038,-35.068695,33.690460, 
Acc,-0.988271,9.590775,1.564962, 
Gyro,-1.120000,1.400000,-0.070000, 
Magn,-55.840256,-35.613571,33.453220, 
Acc,-0.969128,9.545310,1.572141, 
Gyro,-1.680000,0.910000,0.560000, 
Magn,-55.363701,-37.550518,33.387039, 
Acc,-0.949984,9.650599,1.694179, 
Gyro,-2.660000,-1.400000,0.280000, 
Magn,-57.397209,-34.830299,32.481010, 
Acc,-0.890162,9.449594,1.567355, 
Gyro,-0.980000,-1.470000,0.280000, 
Magn,-57.629333,-36.680088,29.771498, 
Acc,-0.945199,9.624276,1.591284, 
Gyro,-0.630000,0.070000,0.490000, 
Magn,-55.111500,-38.415554,31.269409, 
Acc,-0.971521,9.518989,1.646321, 
Gyro,-0.560000,1.050000,0.420000, 
Magn,-59.160988,-34.291569,30.345346, 
Acc,-1.007414,9.578811,1.617606, 
Gyro,0.350000,1.400000,0.560000, 
Magn,-57.539391,-35.900585,29.768892, 
Acc,-0.981092,9.504631,1.631963, 
Gyro,-1.120000,1.050000,0.210000, 
Magn,-56.259506,-37.144192,32.483768, 
Acc,-1.000236,9.612311,1.442924, 
Gyro,-1.330000,1.470000,-0.630000, 
Magn,-56.138668,-33.717907,32.669765, 
Acc,-0.971521,9.483095,1.316099, 
Gyro,-2.870000,-0.840000,0.770000, 
Magn,-55.657406,-35.653858,32.743923, 
Acc,-1.045701,9.638634,1.636749, 
Gyro,-2.870000,1.120000,-0.280000, 
Magn,-55.753380,-37.754772,32.932888, 
Acc,-1.031343,9.442415,1.588891, 
Gyro,-1.750000,0.700000,0.490000, 
Magn,-57.567677,-36.387329,32.766884, 
Acc,-0.947592,9.664956,1.462067, 
Gyro,-2.030000,-0.770000,0.840000, 
Magn,-58.607761,-34.892235,32.197769, 
Acc,-0.947592,9.542917,1.627177, 
Gyro,-0.490000,0.630000,0.350000, 
Magn,-56.617855,-34.421791,33.389317, 
Acc,-0.945199,9.574025,1.564962, 
Gyro,-0.350000,0.770000,0.490000, 
Magn,-57.684563,-35.852367,31.600826, 
Acc,-0.966735,9.538132,1.598463, 
Gyro,-0.560000,1.050000,0.140000, 
Magn,-58.478931,-37.304390,31.769312, 
Acc,-0.930841,9.566847,1.533854, 
Gyro,-0.490000,1.680000,0.350000, 
Magn,-57.850319,-37.408398,32.027035, 
Acc,-0.978699,9.502238,1.780324, 
Gyro,0.980000,0.840000,0.210000, 
Magn,-56.352844,-36.604271,32.019363, 
Acc,-0.981092,9.545310,1.629570, 
Gyro,2.240000,1.330000,-0.350000, 
Magn,-55.379044,-34.353905,34.514542, 
Acc,-0.818375,9.576418,1.541033, 
Gyro,0.210000,1.470000,-0.560000, 
Magn,-56.012794,-34.530758,32.945389, 
Acc,-1.007414,9.621883,1.557783, 
Gyro,-1.960000,1.190000,0.000000, 
Magn,-57.886677,-36.095917,30.577705, 
Acc,-0.952377,9.559668,1.605641, 
Gyro,-1.680000,0.980000,0.280000, 
Magn,-56.090359,-36.907581,32.524582, 
Acc,-0.909305,9.597955,1.646321, 
Gyro,-0.140000,-0.980000,0.490000, 
Magn,-57.541168,-37.981667,32.764458, 
Acc,-0.961949,9.602740,1.615213, 
Gyro,-0.070000,0.420000,0.000000, 
Magn,-58.097351,-35.781704,31.616117, 
Acc,-0.928448,9.526167,1.600855, 
Gyro,-1.190000,0.910000,0.280000, 
Magn,-56.895790,-35.441872,32.789799, 
Acc,-1.033736,9.581204,1.560176, 
Gyro,-0.420000,1.120000,-0.140000, 
Magn,-59.884254,-34.968052,29.949905, 
Acc,-0.995450,9.566847,1.469246, 
Gyro,-0.070000,1.610000,-0.140000, 
Magn,-57.431496,-36.157658,31.825384, 
Acc,-1.009807,9.495059,1.241919, 
Gyro,-1.540000,4.830000,-0.280000, 
Magn,-55.843647,-34.294147,32.986202, 
Acc,-1.072023,9.636241,1.481210, 
Gyro,4.690000,3.010000,-0.280000, 
Magn,-56.909920,-35.444847,32.368809, 
Acc,-1.988507,9.231839,1.139024, 
Gyro,-5.460000,3.920000,-0.700000, 
Magn,-58.359837,-35.478394,31.110897, 
Acc,-1.150989,9.818102,1.890397, 
Gyro,-2.100000,-0.350000,-1.190000, 
Magn,-55.602638,-37.242252,33.583473, 
Acc,-0.787267,9.423272,1.576926, 
Gyro,0.420000,-6.510000,0.630000, 
Magn,-57.924812,-36.864513,32.123947, 
Acc,-0.985878,9.514202,1.438138, 
Gyro,1.750000,-7.560000,-0.280000, 
Magn,-58.509720,-35.431168,32.802505, 
Acc,-0.689158,9.607526,1.478817, 
Gyro,4.690000,-3.220000,-0.420000, 
Magn,-55.770470,-36.158451,33.215977, 
Acc,0.035894,9.870746,1.545819, 
Gyro,7.490000,-2.730000,-0.140000, 
Magn,-55.118309,-36.257504,34.175350, 
Acc,-0.459438,9.607526,1.052880, 
Gyro,6.650000,0.280000,8.400000, 
Magn,-55.277153,-35.451588,32.917416, 
Acc,-0.332614,9.650599,0.985878, 
Gyro,2.520000,3.710000,8.470000, 
Magn,-55.355927,-34.628822,34.045097, 
Acc,-0.813589,9.576418,1.471638, 
Gyro,4.200000,7.210000,4.410000, 
Magn,-54.806519,-34.189938,34.259399, 
Acc,-1.115095,9.370628,0.799231, 
Gyro,-2.170000,10.290000,2.310000, 
Magn,-55.046772,-35.202087,34.782516, 
Acc,-1.560176,9.734350,0.887769, 
Gyro,-4.690000,4.200000,0.630000, 
Magn,-53.887596,-34.871181,34.693226, 
Acc,-1.122274,9.485488,0.978699, 
Gyro,-2.590000,3.360000,-0.070000, 
Magn,-55.846287,-36.934982,33.639572, 
Acc,-1.170132,9.597955,1.091166, 
Gyro,-1.820000,1.820000,-0.840000, 
Magn,-54.450703,-35.033165,35.229027, 
Acc,-0.938020,9.684099,1.263456, 
Gyro,-0.490000,2.800000,-2.520000, 
Magn,-55.183384,-35.711636,34.552921, 
Acc,-0.808803,9.607526,1.107916, 
Gyro,0.910000,0.770000,-1.960000, 
Magn,-56.875202,-33.837620,34.195522, 
Acc,-0.504904,9.765458,1.184489, 
Gyro,-0.420000,0.840000,-3.290000, 
Magn,-56.335213,-33.400719,34.129169, 
Acc,-0.442688,9.636241,0.940413, 
Gyro,0.910000,1.750000,-1.260000, 
Magn,-56.749760,-34.930344,33.300053, 
Acc,-0.442688,9.746315,1.146203, 
Gyro,0.770000,2.800000,0.000000, 
Magn,-58.006546,-34.442451,33.955704, 
Acc,-0.842304,9.605133,0.875804, 
Gyro,-1.470000,-1.470000,2.660000, 
Magn,-57.426353,-35.876793,33.136814, 
Acc,-0.866233,9.676920,1.213204, 
Gyro,-1.890000,0.210000,1.680000, 
Magn,-56.035160,-38.216099,34.535229, 
Acc,-0.961949,9.528560,0.859054, 
Gyro,-1.330000,0.560000,1.820000, 
Magn,-54.253296,-34.790604,36.111816, 
Acc,-1.110309,9.609919,0.823160, 
Gyro,-1.890000,0.140000,0.980000, 
Magn,-56.188755,-32.609322,35.810524, 
Acc,-0.947592,9.617098,0.966735, 
Gyro,0.560000,0.770000,0.980000, 
Magn,-58.922085,-35.080627,33.988892, 
Acc,-0.677193,9.688885,0.945199, 
Gyro,0.140000,0.350000,-0.280000, 
Magn,-56.027813,-35.574276,34.022182, 
Acc,-0.835125,9.722385,1.040915, 
Gyro,-1.120000,1.750000,-0.980000, 
Magn,-55.960987,-34.519855,34.489021, 
Acc,-0.885376,9.528560,0.949984, 
Gyro,-1.750000,1.120000,-0.980000, 
Magn,-56.899639,-34.883118,34.991657, 
Acc,-0.626942,9.614705,1.201240, 
Gyro,1.750000,0.980000,-0.490000, 
Magn,-56.545998,-37.606510,33.945778, 
Acc,-0.727444,9.593168,0.878197, 
Gyro,-1.050000,-1.190000,1.400000, 
Magn,-53.928692,-34.040485,36.943546, 
Acc,-0.921270,9.631455,0.995450, 
Gyro,-2.520000,0.420000,0.350000, 
Magn,-54.723923,-36.052258,34.769833, 
Acc,-0.859054,9.590775,1.016986, 
Gyro,-2.030000,0.840000,0.420000, 
Magn,-58.011257,-34.443443,33.815372, 
Acc,-0.765731,9.614705,0.940413, 
Gyro,-1.960000,-0.560000,0.420000, 
Magn,-57.000641,-32.744896,35.091000, 
Acc,-0.784874,9.605133,0.990664, 
Gyro,-0.280000,-0.070000,0.210000, 
Magn,-56.997684,-34.344189,34.386917, 
Acc,-0.696336,9.648206,0.940413, 
Gyro,-0.140000,0.630000,0.350000, 
Magn,-57.213497,-34.310841,34.113907, 
Acc,-0.815982,9.629062,1.014593, 
Gyro,-1.260000,1.330000,-0.140000, 
Magn,-56.201672,-35.811882,33.841042, 
Acc,-0.758552,9.741529,0.856661, 
Gyro,0.700000,0.840000,0.280000, 
Magn,-56.804985,-34.102623,35.129379, 
Acc,-0.815982,9.672134,0.904519, 
Gyro,-0.280000,0.560000,0.350000, 
Magn,-55.457821,-33.531139,35.642216, 
Acc,-0.744194,9.609919,0.947592, 
Gyro,-2.590000,1.610000,-0.770000, 
Magn,-56.128387,-33.156178,35.292618, 
Acc,-0.782481,9.624276,0.957163, 
Gyro,-2.030000,0.910000,0.140000, 
Magn,-56.367756,-33.127789,34.317955, 
Acc,-0.799231,9.681706,0.938020, 
Gyro,-2.030000,-0.140000,0.000000, 
Magn,-57.075245,-36.721012,33.966110, 
Acc,-0.792053,9.617098,0.945199, 
Gyro,-1.610000,0.140000,0.070000, 
Magn,-55.367874,-32.751633,35.639610, 
Acc,-0.789660,9.641026,0.966735, 
Gyro,-1.400000,0.630000,0.490000, 
Magn,-56.039764,-33.697090,35.616699, 
Acc,-0.832732,9.643419,0.966735, 
Gyro,-2.170000,1.680000,0.350000, 
Magn,-55.467239,-33.533123,35.361557, 
Acc,-0.818375,9.609919,1.021772, 
Gyro,-2.030000,0.910000,0.070000, 
Magn,-54.936672,-33.098202,35.014542, 
Acc,-0.780088,9.590775,1.383101, 
Gyro,-3.990000,-3.220000,1.190000, 
Magn,-56.155327,-31.841709,34.123951, 
Acc,-0.612584,9.353878,0.906912, 
Gyro,0.630000,-2.730000,3.500000, 
Magn,-56.423409,-32.579937,34.976189, 
Acc,-0.815982,10.270362,1.708536, 
Gyro,23.450001,-6.370000,3.360000, 
Magn,-57.829731,-35.804146,33.432762, 
Acc,-0.715479,12.108115,1.253884, 
Gyro,26.110001,-4.480000,-0.140000, 
Magn,-54.914875,-34.693535,34.871780, 
Acc,-1.215597,9.999963,-0.973914, 
Gyro,5.810000,-5.880000,-1.330000, 
Magn,-55.272358,-31.411388,38.119522, 
Acc,-0.287149,9.128944,-0.770516, 
Gyro,6.790000,0.770000,-4.690000, 
Magn,-54.964958,-33.584946,38.012539, 
Acc,-0.421152,5.656835,-0.502511, 
Gyro,-2.030000,-2.730000,9.310000, 
Magn,-54.389046,-34.740406,38.224411, 
Acc,0.342186,7.736272,0.727444, 
Gyro,-16.799999,6.370000,-4.200000, 
Magn,-54.316185,-32.364574,38.504890, 
Acc,-1.670250,11.466816,1.227562, 
Gyro,-33.110001,0.840000,-8.820000, 
Magn,-56.146366,-32.600399,37.073494, 
Acc,-1.490782,11.454851,0.763338, 
Gyro,-15.680000,-4.060000,2.870000, 
Magn,-55.078880,-34.649281,36.142399, 
Acc,-0.949984,11.361527,2.254119, 
Gyro,-2.940000,-1.330000,-2.450000, 
Magn,-55.458679,-34.090885,33.300026, 
Acc,-0.502511,8.705400,1.428566, 
Gyro,-5.040000,-3.010000,1.960000, 
Magn,-57.676781,-32.930668,32.258877, 
Acc,-0.476189,9.179195,1.356779, 
Gyro,-7.140000,-0.980000,0.560000, 
Magn,-56.029022,-32.374687,35.570671, 
Acc,-0.899733,9.731957,1.423780, 
Gyro,-5.670000,-2.170000,-0.280000, 
Magn,-53.554005,-34.398949,34.634514, 
Acc,-0.789660,9.562060,1.139024, 
Gyro,2.170000,-1.540000,1.330000, 
Magn,-54.893932,-36.848614,32.386833, 
Acc,-0.804017,9.521381,1.129453, 
Gyro,4.410000,-1.680000,1.400000, 
Magn,-52.405140,-35.110569,35.762344, 
Acc,-0.619763,9.593168,1.292170, 
Gyro,6.440000,-1.330000,0.630000, 
Magn,-54.614250,-34.228241,33.830765, 
Acc,-0.789660,9.758279,1.098345, 
Gyro,0.420000,-3.080000,0.700000, 
Magn,-53.277500,-39.219284,34.338921, 
Acc,-0.729837,9.674527,1.189275, 
Gyro,-1.540000,-1.330000,-1.190000, 
Magn,-53.291950,-34.982132,33.968639, 
Acc,-0.772909,9.564454,1.079202, 
Gyro,-1.330000,1.400000,-1.050000, 
Magn,-54.762814,-32.860600,35.195683, 
Acc,-0.610192,9.633848,1.083987, 
Gyro,-2.240000,0.490000,-0.490000, 
Magn,-54.208805,-36.940727,34.328514, 
Acc,-0.696336,9.617098,1.177311, 
Gyro,-1.890000,1.540000,0.350000, 
Magn,-53.921455,-35.918663,35.208698, 
Acc,-0.648478,9.602740,1.062451, 
Gyro,0.140000,2.170000,0.770000, 
Magn,-54.000656,-35.375767,35.165279, 
Acc,-0.717872,9.719993,1.115095, 
Gyro,-0.910000,2.800000,0.700000, 
Magn,-56.028244,-35.854153,32.851089, 
Acc,-0.983485,9.875532,1.225169, 
Gyro,-5.600000,-3.780000,2.940000, 
Magn,-55.233444,-34.122250,33.853703, 
Acc,-0.729837,9.449594,1.057665, 
Gyro,-11.550000,2.520000,-0.280000, 
Magn,-54.530338,-34.770145,34.014511, 
Acc,-0.732230,9.588383,1.371136, 
Gyro,-6.230000,5.810000,-2.590000, 
Magn,-53.957813,-34.606178,33.759369, 
Acc,-0.715479,9.593168,1.328064, 
Gyro,-2.730000,6.510000,-1.820000, 
Magn,-54.353519,-36.131840,33.491573, 
Acc,-0.890162,9.581204,1.349600, 
Gyro,-1.960000,4.550000,-0.910000, 
Magn,-55.258739,-35.727497,32.307640, 
Acc,-0.835125,9.588383,1.340029, 
Gyro,-1.260000,2.450000,0.280000, 
Magn,-57.710636,-33.978149,32.774349, 
Acc,-0.842304,9.595561,1.332850, 
Gyro,0.420000,1.470000,0.840000, 
Magn,-55.525505,-35.145306,32.833187, 
Acc,-0.782481,9.552489,1.409423, 
Gyro,1.260000,1.400000,0.070000, 
Magn,-56.548069,-34.966667,33.152077, 
Acc,-0.744194,9.681706,1.375922, 
Gyro,-0.700000,3.780000,-1.680000, 
Magn,-55.652695,-35.652866,32.884251, 
Acc,-0.102895,10.540760,1.897576, 
Gyro,-13.580000,22.820000,-1.960000, 
Magn,-56.721931,-35.204269,32.970936, 
Acc,-6.322063,8.798723,0.449867, 
Gyro,-39.689999,-37.799999,3.010000, 
Magn,-54.597160,-35.824562,33.547672, 
Acc,1.694179,8.731722,1.883219, 
Gyro,8.890000,-32.340000,-11.060000, 
Magn,-55.380337,-35.193523,31.001253, 
Acc,0.287149,9.358664,1.072023, 
Gyro,21.490000,0.000000,2.170000, 
Magn,-52.361511,-37.820438,31.636852, 
Acc,-1.564962,10.057393,1.502746, 
Gyro,19.110001,14.700000,3.290000, 
Magn,-55.333237,-35.183613,32.404552, 
Acc,0.078966,9.751101,1.469246, 
Gyro,13.230000,10.990000,5.320000, 
Magn,-53.429882,-36.812092,34.065727, 
Acc,-0.626942,9.660170,0.964342, 
Gyro,7.910000,8.400000,5.460000, 
Magn,-56.073158,-33.983902,33.463291, 
Acc,-1.418995,9.949712,0.921270, 
Gyro,2.730000,3.080000,5.530000, 
Magn,-52.641113,-36.401604,35.254700, 
Acc,-0.928448,9.636241,0.990664, 
Gyro,3.780000,3.220000,2.940000, 
Magn,-55.196194,-34.394192,33.805244, 
Acc,-0.902126,9.461558,1.040915, 
Gyro,2.520000,3.850000,-1.120000, 
Magn,-56.335644,-33.680592,32.958073, 
Acc,-0.576691,9.810924,0.914091, 
Gyro,-0.630000,3.360000,-2.450000, 
Magn,-57.258419,-32.440594,34.726109, 
Acc,-0.918877,9.674527,0.957163, 
Gyro,-3.360000,1.120000,-1.050000, 
Magn,-53.284313,-37.061234,37.244865, 
Acc,-0.514475,9.600348,0.882983, 
Gyro,-0.140000,1.260000,0.140000, 
Magn,-56.826889,-37.027294,34.050339, 
Acc,-0.667621,9.729565,0.921270, 
Gyro,0.070000,-0.210000,1.120000, 
Magn,-55.081062,-36.529446,34.126896, 
Acc,-0.684372,9.667349,0.911698, 
Gyro,-0.770000,0.770000,-0.210000, 
Magn,-54.298210,-32.920361,36.724022, 
Acc,-0.789660,9.652991,0.818375, 
Gyro,-2.170000,2.520000,-0.910000, 
Magn,-53.513367,-35.990314,35.053074, 
Acc,-0.775302,9.633848,0.866233, 
Gyro,-1.050000,3.150000,-0.420000, 
Magn,-54.764133,-34.181015,35.522369, 
Acc,-0.801624,9.676920,0.815982, 
Gyro,-0.910000,1.820000,0.490000, 
Magn,-55.642845,-35.371014,34.336006, 
Acc,-0.835125,9.605133,0.488153, 
Gyro,-1.820000,3.640000,0.630000, 
Magn,-54.945660,-32.820312,35.904976, 
Acc,-0.933234,9.765458,0.643692, 
Gyro,-2.100000,1.610000,1.260000, 
Magn,-55.599136,-34.041676,35.272293, 
Acc,-0.832732,9.679314,0.880590, 
Gyro,-1.470000,1.680000,0.000000, 
Magn,-55.077560,-33.328865,35.815712, 
Acc,-0.753766,9.614705,0.808803, 
Gyro,-1.750000,1.190000,0.280000, 
Magn,-55.719875,-32.947960,36.308094, 
Acc,-0.753766,9.650599,0.971521, 
Gyro,-1.610000,0.700000,0.350000, 
Magn,-54.404465,-35.582996,34.290134, 
Acc,-0.796838,9.688885,0.938020, 
Gyro,-2.100000,1.050000,0.560000, 
Magn,-56.485523,-33.633366,34.649681, 
Acc,-0.789660,9.590775,0.882983, 
Gyro,-2.520000,0.770000,0.280000, 
Magn,-56.345951,-34.723118,34.175198, 
Acc,-0.825553,9.602740,0.911698, 
Gyro,-1.750000,1.260000,0.140000, 
Magn,-56.021351,-33.972996,35.006924, 
Acc,-0.789660,9.626669,0.938020, 
Gyro,-0.840000,1.820000,0.140000, 
Magn,-54.723495,-35.772381,35.940933, 
Acc,-0.782481,9.633848,0.875804, 
Gyro,-0.980000,1.400000,0.140000, 
Magn,-56.409710,-32.856834,34.226082, 
